<TrID ver="2.00">
	<Info>
		<FileType>Binding of Isaac Rebirth packed Archive</FileType>
		<Ext>A</Ext>
		<Mime>application/octet-stream</Mime>
		<ExtraInfo>
			<Rem></Rem>
			<RefURL>https://en.wikipedia.org/wiki/The_Binding_of_Isaac:_Rebirth</RefURL>
		</ExtraInfo>
		<User></User>
		<E-Mail></E-Mail>
		<Home></Home>
	</Info>
	<General>
		<FileNum>11</FileNum>
		<Date>
			<Year>2016</Year>
			<Month>11</Month>
			<Day>19</Day>
		</Date>
		<Time>
			<Hour>16</Hour>
			<Min>59</Min>
			<Sec>16</Sec>
		</Time>
		<Creator>TrIDScan/Py v2.02</Creator>
	</General>
	<FrontBlock>
		<Pattern>
			<Bytes>41524348303030</Bytes>
			<ASCII> A R C H 0 0 0</ASCII>
			<Pos>0</Pos>
		</Pattern>
	</FrontBlock>
</TrID>