<TrID ver="2.00">
	<Info>
		<FileType>Audials One Wishlist</FileType>
		<Ext>A1WISH</Ext>
		<ExtraInfo>
			<Rem></Rem>
			<RefURL>http://audials.com</RefURL>
		</ExtraInfo>
		<User>Marco Pontello</User>
		<E-Mail>marcopon@gmail.com</E-Mail>
		<Home>http://mark0.net</Home>
	</Info>
	<General>
		<FileNum>5</FileNum>
		<CheckStrings>True</CheckStrings>
		<Date>
			<Year>2012</Year>
			<Month>5</Month>
			<Day>25</Day>
		</Date>
		<Time>
			<Hour>18</Hour>
			<Min>11</Min>
			<Sec>55</Sec>
		</Time>
		<Creator>TrIDScan/Py v1.80</Creator>
	</General>
	<FrontBlock>
		<Pattern>
			<Bytes>3C3F786D6C2076657273696F6E3D27312E302720656E636F64696E673D275554462D38273F3E0A3C4578706F727465645F576973686573206E616D653D22</Bytes>
			<ASCII> . ? x m l   v e r s i o n = ' 1 . 0 '   e n c o d i n g = ' U T F - 8 ' ? . . . E x p o r t e d _ W i s h e s   n a m e = "</ASCII>
			<Pos>0</Pos>
		</Pattern>
	</FrontBlock>
	<GlobalStrings>
		<String>EXPORTED_WISHES NAME</String>
		<String>RADIOTRACKER</String>
		<String>CONTENTTYPE</String>
		<String>XML VERSION</String>
		<String>CREATEDBY</String>
		<String>ENCODING</String>
		<String>ARTIST</String>
		<String>GENRES</String>
		<String>TEASER</String>
		<String>UTF-8</String>
	</GlobalStrings>
</TrID>