<TrID ver="2.00">
	<Info>
		<FileType>Agros2D document</FileType>
		<Ext>A2D</Ext>
		<Mime>text/xml</Mime>
		<ExtraInfo>
			<Rem></Rem>
			<RefURL>http://www.agros2d.org/</RefURL>
		</ExtraInfo>
		<User>Marco Pontello</User>
		<E-Mail>marcopon@gmail.com</E-Mail>
		<Home>http://mark0.net</Home>
	</Info>
	<General>
		<FileNum>11</FileNum>
		<CheckStrings>True</CheckStrings>
		<Date>
			<Year>2015</Year>
			<Month>9</Month>
			<Day>24</Day>
		</Date>
		<Time>
			<Hour>2</Hour>
			<Min>30</Min>
			<Sec>1</Sec>
		</Time>
		<Creator>TrIDScan/Py v2.01</Creator>
	</General>
	<FrontBlock>
		<Pattern>
			<Bytes>3C646F63756D656E743E0A202020203C70726F626C656D733E0A20202020202020203C70726F626C656D20</Bytes>
			<ASCII> . d o c u m e n t . .         . p r o b l e m s . .                 . p r o b l e m</ASCII>
			<Pos>0</Pos>
		</Pattern>
	</FrontBlock>
	<GlobalStrings>
		<String>ADAPTIVITYTOLERANCE</String>
		<String>NUMBEROFREFINEMENTS</String>
		<String>ADAPTIVITYSTEPS</String>
		<String>POLYNOMIALORDER</String>
		<String>ADAPTIVITYTYPE</String>
		<String>SCRIPTSTARTUP</String>
		<String>PROBLEMTYPE</String>
		<String>FREQUENCY</String>
		<String>EDGE END</String>
		<String>GEOMETRY</String>
		<String>DENSITY</String>
		<String>LABEL X</String>
		<String>EDGE T</String>
		<String>LABELS</String>
		<String>MARKER</String>
		<String>NODE X</String>
		<String>ANGLE</String>
		<String>EDGES</String>
		<String>NODES</String>
		<String>AREA</String>
		<String>NAME</String>
	</GlobalStrings>
</TrID>