<TrID ver="2.00">
	<Info>
		<FileType>Alice 2 World</FileType>
		<Ext>A2W</Ext>
		<Mime>application/octet-stream</Mime>
		<ExtraInfo>
			<Rem></Rem>
			<RefURL>http://www.alice.org/</RefURL>
		</ExtraInfo>
		<User>Marco Pontello</User>
		<E-Mail>marcopon@gmail.com</E-Mail>
		<Home>http://mark0.net</Home>
	</Info>
	<General>
		<FileNum>27</FileNum>
		<CheckStrings>True</CheckStrings>
		<Date>
			<Year>2015</Year>
			<Month>2</Month>
			<Day>8</Day>
		</Date>
		<Time>
			<Hour>23</Hour>
			<Min>33</Min>
			<Sec>48</Sec>
		</Time>
		<Creator>TrIDScan/Py v1.92</Creator>
	</General>
	<FrontBlock>
		<Pattern>
			<Bytes>504B0304</Bytes>
			<ASCII> P K</ASCII>
			<Pos>0</Pos>
		</Pattern>
		<Pattern>
			<Bytes>00000014000000656C656D656E74436F756E7448696E742E747874</Bytes>
			<ASCII> . . . . . . . e l e m e n t C o u n t H i n t . t x t</ASCII>
			<Pos>23</Pos>
		</Pattern>
	</FrontBlock>
	<GlobalStrings>
		<String>ELEMENTCOUNTHINT.TXTPK</String>
		<String>ELEMENTDATA.XMLPK</String>
		<String>ELEMENTDATA.XMLM</String>
		<String>VERTICES.BINPK</String>
		<String>INDICES.BINPK</String>
		<String>INDICES.BIN%</String>
		<String>RENDERTARGET</String>
		<String>__UNNAMED0__</String>
		<String>__UNNAMED1__</String>
		<String>IMAGE.PNGPK</String>
		<String>SCRIPT.PYPK</String>
		<String>1'' 'IDATX</String>
		<String>MY FIRST</String>
		<String>__ITA__</String>
		<String>CAMERA</String>
		<String>GROUND</String>
		<String>LIGHT</String>
		<String>IEND</String>
		<String>IHDR</String>
		<String>THOD</String>
	</GlobalStrings>
</TrID>