<TrID ver="2.00">
	<Info>
		<FileType>Alan v3 Compiled adventure</FileType>
		<Ext>A3C</Ext>
		<Mime>application/octet-stream</Mime>
		<ExtraInfo>
			<Rem></Rem>
			<RefURL>http://www.alanif.se/</RefURL>
		</ExtraInfo>
		<User>Marco Pontello</User>
		<E-Mail>marcopon@gmail.com</E-Mail>
		<Home>http://mark0.net</Home>
	</Info>
	<General>
		<FileNum>2</FileNum>
		<Date>
			<Year>2015</Year>
			<Month>8</Month>
			<Day>3</Day>
		</Date>
		<Time>
			<Hour>14</Hour>
			<Min>56</Min>
			<Sec>21</Sec>
		</Time>
		<Creator>TrIDScan/Py v2.01</Creator>
	</General>
	<FrontBlock>
		<Pattern>
			<Bytes>414C414E0300</Bytes>
			<ASCII> A L A N</ASCII>
			<Pos>0</Pos>
		</Pattern>
	</FrontBlock>
</TrID>