<TrID ver="2.00">
	<Info>
		<FileType>Alice 3 Project</FileType>
		<Ext>A3P</Ext>
		<Mime>application/octet-stream</Mime>
		<ExtraInfo>
			<Rem></Rem>
			<RefURL>http://www.alice.org/</RefURL>
		</ExtraInfo>
		<User>Marco Pontello</User>
		<E-Mail>marcopon@gmail.com</E-Mail>
		<Home>http://mark0.net</Home>
	</Info>
	<General>
		<FileNum>8</FileNum>
		<CheckStrings>True</CheckStrings>
		<Date>
			<Year>2015</Year>
			<Month>2</Month>
			<Day>8</Day>
		</Date>
		<Time>
			<Hour>23</Hour>
			<Min>35</Min>
			<Sec>26</Sec>
		</Time>
		<Creator>TrIDScan/Py v1.92</Creator>
	</General>
	<FrontBlock>
		<Pattern>
			<Bytes>504B0304</Bytes>
			<ASCII> P K</ASCII>
			<Pos>0</Pos>
		</Pattern>
		<Pattern>
			<Bytes>0000000000000000000000000B00000076657273696F6E2E74787433D633D4</Bytes>
			<ASCII> . . . . . . . . . . . . . . . . v e r s i o n . t x t 3 . 3</ASCII>
			<Pos>14</Pos>
		</Pattern>
		<Pattern>
			<Bytes>33D0330000504B0708</Bytes>
			<ASCII> 3 . 3 . . P K</ASCII>
			<Pos>48</Pos>
		</Pattern>
		<Pattern>
			<Bytes>0C0000000A000000504B0304140008</Bytes>
			<ASCII> . . . . . . . . P K</ASCII>
			<Pos>61</Pos>
		</Pattern>
		<Pattern>
			<Bytes>0800</Bytes>
			<Pos>77</Pos>
		</Pattern>
		<Pattern>
			<Bytes>0000000000000000000000000F00000070726F6772616D547970652E786D6CEC</Bytes>
			<ASCII> . . . . . . . . . . . . . . . . p r o g r a m T y p e . x m l</ASCII>
			<Pos>83</Pos>
		</Pattern>
		<Pattern>
			<Bytes>5CC7</Bytes>
			<ASCII> \</ASCII>
			<Pos>118</Pos>
		</Pattern>
	</FrontBlock>
	<GlobalStrings>
		<String>E'''PROGRAMTYPE.XMLPK</String>
		<String>THUMBNAIL.PNGPK</String>
		<String>VERSION.TXTPK</String>
		<String>VERSION.TXT3</String>
		<String>3''PK</String>
	</GlobalStrings>
</TrID>