<TrID ver="2.00">
	<Info>
		<FileType>GenCAM object model</FileType>
		<Ext>A3P</Ext>
		<ExtraInfo>
			<Rem></Rem>
			<RefURL>http://gencam.sourceforge.net/</RefURL>
		</ExtraInfo>
		<User>Marco Pontello</User>
		<E-Mail>marcopon@gmail.com</E-Mail>
		<Home>http://mark0.net</Home>
	</Info>
	<General>
		<FileNum>3</FileNum>
		<CheckStrings>True</CheckStrings>
		<Date>
			<Year>2015</Year>
			<Month>2</Month>
			<Day>8</Day>
		</Date>
		<Time>
			<Hour>22</Hour>
			<Min>54</Min>
			<Sec>0</Sec>
		</Time>
		<Creator>TrIDScan/Py v1.90</Creator>
	</General>
	<FrontBlock>
		<Pattern>
			<Bytes>244845414445520D0A</Bytes>
			<ASCII> $ H E A D E R</ASCII>
			<Pos>0</Pos>
		</Pattern>
	</FrontBlock>
	<GlobalStrings>
		<String>TERADYNE GENCAM OBJECT MODEL</String>
		<String>$ENDADMINISTRATION</String>
		<String>ASSEMBLYPREPTOOLS</String>
		<String>$ADMINISTRATION</String>
		<String>PROJECT_VERSION</String>
		<String>STREET ADDRESS</String>
		<String>.NET.CADENCER</String>
		<String>CERTIFICATION</String>
		<String>PROJECT_NAME</String>
		<String>$PRIMITIVES</String>
		<String>GENERATEDBY</String>
		<String>TRANSACTION</String>
		<String>$ENDHEADER</String>
		<String>ANGLEUNITS</String>
		<String>ENTERPRISE</String>
		<String>ATTRIBUTE</String>
		<String>HEWENJIE</String>
		<String>LANGUAGE</String>
		<String>POSTCODE</String>
		<String>PROVINCE</String>
		<String>RECEIVED</String>
		<String>$HEADER</String>
		<String>DEGREES</String>
		<String>ENGLISH</String>
		<String>HISTORY</String>
		<String>COMPAL</String>
		<String>PERSON</String>
		<String>ALPHA</String>
		<String>BOARD</String>
		<String>EMAIL</String>
		<String>GROUP</String>
		<String>OWNER</String>
		<String>PHONE</String>
		<String>STATE</String>
		<String>CITY</String>
		<String>GRA3</String>
		<String>SENT</String>
	</GlobalStrings>
</TrID>