<TrID ver="2.00">
	<Info>
		<FileType>AutoIt v3 compiled script</FileType>
		<Ext>A3X</Ext>
		<Mime>application/octet-stream</Mime>
		<ExtraInfo>
			<Rem></Rem>
			<RefURL>http://en.wikipedia.org/wiki/AutoIt</RefURL>
		</ExtraInfo>
		<User>Marco Pontello</User>
		<E-Mail>marcopon@gmail.com</E-Mail>
		<Home>http://mark0.net</Home>
	</Info>
	<General>
		<FileNum>8</FileNum>
		<Date>
			<Year>2015</Year>
			<Month>4</Month>
			<Day>23</Day>
		</Date>
		<Time>
			<Hour>17</Hour>
			<Min>44</Min>
			<Sec>38</Sec>
		</Time>
		<Creator>TrIDScan/Py v2.01</Creator>
	</General>
	<FrontBlock>
		<Pattern>
			<Bytes>A3484BBE986C4AA9994C530A86D6487D4155332145413036</Bytes>
			<ASCII> . H K . . l J . . L S . . . H } A U 3 ! E A 0 6</ASCII>
			<Pos>0</Pos>
		</Pattern>
	</FrontBlock>
</TrID>