<TrID ver="2.00">
	<Info>
		<FileType>Alpha Four record Set</FileType>
		<Ext>SET</Ext>
		<Mime>application/octet-stream</Mime>
		<ExtraInfo>
			<Rem></Rem>
			<RefURL>https://en.wikipedia.org/wiki/Alpha_Five_(database)</RefURL>
		</ExtraInfo>
		<User>Marco Pontello</User>
		<E-Mail>marcopon@gmail.com</E-Mail>
		<Home>http://mark0.net</Home>
	</Info>
	<General>
		<FileNum>7</FileNum>
		<CheckStrings>True</CheckStrings>
		<Date>
			<Year>2016</Year>
			<Month>10</Month>
			<Day>30</Day>
		</Date>
		<Time>
			<Hour>16</Hour>
			<Min>16</Min>
			<Sec>32</Sec>
		</Time>
		<Creator>TrIDScan/Py v2.02</Creator>
	</General>
	<FrontBlock>
		<Pattern>
			<Bytes>4134090A00</Bytes>
			<ASCII> A 4</ASCII>
			<Pos>0</Pos>
		</Pattern>
	</FrontBlock>
	<GlobalStrings>
		<String>.DBF</String>
	</GlobalStrings>
</TrID>