<TrID ver="2.00">
	<Info>
		<FileType>Alpha Four Script</FileType>
		<Ext>SCP</Ext>
		<Mime>application/octet-stream</Mime>
		<ExtraInfo>
			<Rem></Rem>
			<RefURL>https://en.wikipedia.org/wiki/Alpha_Five_(database)</RefURL>
		</ExtraInfo>
		<User>Marco Pontello</User>
		<E-Mail>marcopon@gmail.com</E-Mail>
		<Home>http://mark0.net</Home>
	</Info>
	<General>
		<FileNum>10</FileNum>
		<Date>
			<Year>2016</Year>
			<Month>10</Month>
			<Day>30</Day>
		</Date>
		<Time>
			<Hour>16</Hour>
			<Min>9</Min>
			<Sec>6</Sec>
		</Time>
		<Creator>TrIDScan/Py v2.02</Creator>
	</General>
	<FrontBlock>
		<Pattern>
			<Bytes>BB000000</Bytes>
			<Pos>0</Pos>
		</Pattern>
	</FrontBlock>
</TrID>