<TrID ver="2.00">
	<Info>
		<FileType>Apple II Oasis for Windows savestate</FileType>
		<Ext>A4W</Ext>
		<Mime>application/octet-stream</Mime>
		<ExtraInfo>
			<Rem></Rem>
			<RefURL>http://web.archive.org/web/20040721093619/http://www.geocities.com/SiliconValley/Lakes/4414/A4W.HTM</RefURL>
		</ExtraInfo>
		<User>Marco Pontello</User>
		<E-Mail>marcopon@gmail.com</E-Mail>
		<Home>http://mark0.net</Home>
	</Info>
	<General>
		<FileNum>3</FileNum>
		<Date>
			<Year>2017</Year>
			<Month>1</Month>
			<Day>31</Day>
		</Date>
		<Time>
			<Hour>14</Hour>
			<Min>20</Min>
			<Sec>7</Sec>
		</Time>
		<Creator>TrIDScan/Py v2.02</Creator>
	</General>
	<FrontBlock>
		<Pattern>
			<Bytes>5B4170706C652049495D0D0A547970653D5361766553746174650D0A1A1A</Bytes>
			<ASCII> [ A p p l e   I I ] . . T y p e = S a v e S t a t e</ASCII>
			<Pos>0</Pos>
		</Pattern>
	</FrontBlock>
</TrID>