<TrID ver="2.00">
	<Info>
		<FileType>Alpha Five Web Components</FileType>
		<Ext>A5WCMP</Ext>
		<ExtraInfo>
			<Rem></Rem>
			<RefURL>http://en.wikipedia.org/wiki/Alpha_Five</RefURL>
		</ExtraInfo>
		<User>Marco Pontello</User>
		<E-Mail>marcopon@gmail.com</E-Mail>
		<Home>http://mark0.net</Home>
	</Info>
	<General>
		<FileNum>18</FileNum>
		<CheckStrings>True</CheckStrings>
		<Date>
			<Year>2014</Year>
			<Month>1</Month>
			<Day>31</Day>
		</Date>
		<Time>
			<Hour>15</Hour>
			<Min>53</Min>
			<Sec>25</Sec>
		</Time>
		<Creator>TrIDScan/Py v1.90</Creator>
	</General>
	<FrontBlock>
		<Pattern>
			<Bytes>4135424C4F425354000200001C000000</Bytes>
			<ASCII> A 5 B L O B S T</ASCII>
			<Pos>0</Pos>
		</Pattern>
	</FrontBlock>
	<GlobalStrings>
		<String>OVERRIDESTYLESFORJAVASCRIPTOBJECTS</String>
		<String>JAVASCRIPTFUNCTIONDECLARATIONS</String>
		<String>LINKEDFILES'JAVASCRIPT</String>
		<String>JAVASCRIPTLINKEDFILES</String>
		<String>ADDITIONALGRIDSTYLES</String>
		<String>CSSLINKEDFILES</String>
		<String>COMPONENTNAME</String>
		<String>COMPONENTTYPE</String>
		<String>LANGUAGEDEF</String>
		<String>CLIENTSIDE</String>
		<String>DEFINITION</String>
		<String>STYLE_NAME</String>
		<String>ARGUMENTS</String>
		<String>CLASSNAME</String>
		<String>CONTAINER</String>
		<String>ONINITIAL</String>
		<String>A5BLOBST</String>
		<String>FONTSIZE</String>
		<String>LOCALCSS</String>
		<String>POSITION</String>
		<String>SECURITY</String>
		<String>SELECTED</String>
		<String>SHOWHIDE</String>
		<String>TEMPLATE</String>
		<String>CONTENT</String>
		<String>CONTROL</String>
		<String>DISPLAY</String>
		<String>ENABLED</String>
		<String>ERSTYLE</String>
		<String>MESSAGE</String>
		<String>SETTING</String>
		<String>VERSION</String>
		<String>.STYLE</String>
		<String>ACTION</String>
		<String>BEFORE</String>
		<String>ECTION</String>
		<String>FIELDS</String>
		<String>GROUPS</String>
		<String>HEIGHT</String>
		<String>IMAGES</String>
		<String>MASTER</String>
		<String>MEDIUM</String>
		<String>NUMBER</String>
		<String>OPTION</String>
		<String>PARENT</String>
		<String>S'SHOW</String>
		<String>SERVER</String>
		<String>STYLE}</String>
		<String>TYPE'C</String>
		<String>VALUES</String>
		<String>WINDOW</String>
		<String>ADDIN</String>
		<String>AFTER</String>
		<String>ALIAS</String>
		<String>BUILD</String>
		<String>DATAT</String>
		<String>EVENT</String>
		<String>FALSE</String>
		<String>FOCUS</String>
		<String>INDEX</String>
		<String>ION'S</String>
		<String>NDING</String>
		<String>NPANE</String>
		<String>PRESS</String>
		<String>SSION</String>
		<String>TABLE</String>
		<String>TITLE</String>
		<String>TOOLB</String>
		<String>WIDTH</String>
		<String>AGE_</String>
		<String>ARIA</String>
		<String>BOX_</String>
		<String>DOWN</String>
		<String>ECAL</String>
		<String>ENTF</String>
		<String>ENTI</String>
		<String>ERPA</String>
		<String>ESET</String>
		<String>FLAG</String>
		<String>GUID</String>
		<String>HTML</String>
		<String>INGS</String>
		<String>INTE</String>
		<String>LDER</String>
		<String>MODE</String>
		<String>NTEX</String>
		<String>ONBE</String>
		<String>OPEN</String>
		<String>RESO</String>
		<String>TEXT</String>
		<String>TFIL</String>
		<String>TIME</String>
		<String>USED</String>
		<String>USER</String>
		<String>VIEW</String>
	</GlobalStrings>
</TrID>