<TrID ver="2.00">
	<Info>
		<FileType>Atari 7800 ROM</FileType>
		<Ext>A78</Ext>
		<ExtraInfo>
			<Rem></Rem>
			<RefURL>http://www.atariage.com/software_search.html?SystemID=7800</RefURL>
		</ExtraInfo>
		<User>Marco Pontello</User>
		<E-Mail>marcopon@gmail.com</E-Mail>
		<Home>http://mark0.net</Home>
	</Info>
	<General>
		<FileNum>10</FileNum>
		<CheckStrings>True</CheckStrings>
		<Date>
			<Year>2004</Year>
			<Month>07</Month>
			<Day>02</Day>
		</Date>
		<Time>
			<Hour>01</Hour>
			<Min>19</Min>
			<Sec>29</Sec>
		</Time>
		<Creator>TrIDScan32 v1.55</Creator>
	</General>
	<FrontBlock>
		<Pattern>
			<Bytes>01415441524937383030</Bytes>
			<ASCII> . A T A R I 7 8 0 0</ASCII>
			<Pos>0</Pos>
		</Pattern>
	</FrontBlock>
	<GlobalStrings>
		<String>ACTUAL CART DATA STARTS HERE</String>
	</GlobalStrings>
</TrID>
