<TrID ver="2.00">
	<Info>
		<FileType>Apple Sidecar data</FileType>
		<Ext>AAE</Ext>
		<Mime>application/octet-stream</Mime>
		<ExtraInfo>
			<Rem></Rem>
			<RefURL>http://justsolve.archiveteam.org/wiki/AAE_sidecar_format</RefURL>
		</ExtraInfo>
		<User>Marco Pontello</User>
		<E-Mail>marcopon@gmail.com</E-Mail>
		<Home>http://mark0.net</Home>
	</Info>
	<General>
		<FileNum>10</FileNum>
		<CheckStrings>True</CheckStrings>
		<Date>
			<Year>2015</Year>
			<Month>3</Month>
			<Day>20</Day>
		</Date>
		<Time>
			<Hour>13</Hour>
			<Min>20</Min>
			<Sec>8</Sec>
		</Time>
		<Creator>TrIDScan/Py v2.01</Creator>
	</General>
	<FrontBlock>
		<Pattern>
			<Bytes>3C3F786D6C2076657273696F6E3D22312E302220656E636F64696E673D225554462D38223F3E0A</Bytes>
			<ASCII> . ? x m l   v e r s i o n = " 1 . 0 "   e n c o d i n g = " U T F - 8 " ?</ASCII>
			<Pos>0</Pos>
		</Pattern>
	</FrontBlock>
	<GlobalStrings>
		<String>ADJUSTMENTFORMATIDENTIFIER</String>
		<String>ADJUSTMENTEDITORBUNDLEID</String>
		<String>ADJUSTMENTFORMATVERSION</String>
		<String>ADJUSTMENTBASEVERSION</String>
		<String>DOCTYPE PLIST PUBLIC</String>
		<String>PROPERTYLIST-1.0.DTD</String>
		<String>COM.APPLE.PHOTO</String>
		<String>ADJUSTMENTDATA</String>
		<String>DTD PLIST 1.0</String>
		<String>PLIST VERSION</String>
		<String>WWW.APPLE.COM</String>
		<String>XML VERSION</String>
		<String>ENCODING</String>
		<String>INTEGER</String>
		<String>STRING</String>
		<String>UTF-8</String>
		<String>DICT</String>
		<String>DTDS</String>
		<String>HTTP</String>
	</GlobalStrings>
</TrID>