<TrID ver="2.00">
	<Info>
		<FileType>Authorware Shocked File (Map)</FileType>
		<Ext>AAM</Ext>
		<ExtraInfo>
			<Rem></Rem>
			<RefURL>http://en.wikipedia.org/wiki/Authorware</RefURL>
		</ExtraInfo>
		<User>Marco Pontello</User>
		<E-Mail>marcopon@gmail.com</E-Mail>
		<Home>http://mark0.net</Home>	</Info>
	<General>
		<FileNum>31</FileNum>
		<CheckStrings>True</CheckStrings>
		<Date>
			<Year>2006</Year>
			<Month>06</Month>
			<Day>10</Day>
		</Date>
		<Time>
			<Hour>01</Hour>
			<Min>28</Min>
			<Sec>54</Sec>
		</Time>
		<Creator>TrIDScan32 v1.56</Creator>
	</General>
	<FrontBlock>
		<Pattern>
			<Bytes>766572093009</Bytes>
			<ASCII> v e r . 0</ASCII>
			<Pos>0</Pos>
		</Pattern>
	</FrontBlock>
	<GlobalStrings>
		<String>BYPASSSECURITYDIALOG</String>
		<String>0000</String>
		<String>.AAS</String>
	</GlobalStrings>
</TrID>
