<TrID ver="2.00">
	<Info>
		<FileType>Art And Magic module</FileType>
		<Ext>AAM</Ext>
		<Mime>audio/x-mod</Mime>
		<ExtraInfo>
			<Rem>Used in Agony, an Amiga game published by Psygnosis.</Rem>
			<RefURL>http://www.exotica.org.uk/wiki/Art_%26_Magic_(format)</RefURL>
		</ExtraInfo>
		<User>Marco Pontello</User>
		<E-Mail>marcopon@gmail.com</E-Mail>
		<Home>http://mark0.net</Home>
	</Info>
	<General>
		<FileNum>4</FileNum>
		<CheckStrings>True</CheckStrings>
		<Date>
			<Year>2015</Year>
			<Month>4</Month>
			<Day>4</Day>
		</Date>
		<Time>
			<Hour>2</Hour>
			<Min>6</Min>
			<Sec>38</Sec>
		</Time>
		<Creator>TrIDScan/Py v2.01</Creator>
	</General>
	<FrontBlock>
		<Pattern>
			<Bytes>48E7FFFE4BF900DFF00041FA</Bytes>
			<ASCII> H . . . K . . . . . A</ASCII>
			<Pos>0</Pos>
		</Pattern>
		<Pattern>
			<Bytes>45584954</Bytes>
			<ASCII> E X I T</ASCII>
			<Pos>26</Pos>
		</Pattern>
	</FrontBlock>
	<GlobalStrings>
		<String>PROTRACKER 1.1B'BODY</String>
		<String>8SVXVHDR</String>
		<String>FILM</String>
		<String>FORM</String>
		<String>NAME</String>
	</GlobalStrings>
</TrID>