<TrID ver="2.00">
	<Info>
		<FileType>Advanced Authoring System adventure</FileType>
		<Ext>AAS</Ext>
		<Mime>application/x-authorware-seg</Mime>
		<ExtraInfo>
			<Rem></Rem>
			<RefURL>http://fileformats.archiveteam.org/wiki/AAS</RefURL>
		</ExtraInfo>
		<User>Marco Pontello</User>
		<E-Mail>marcopon@gmail.com</E-Mail>
		<Home>http://mark0.net</Home>
	</Info>
	<General>
		<FileNum>10</FileNum>
		<CheckStrings>True</CheckStrings>
		<Date>
			<Year>2016</Year>
			<Month>2</Month>
			<Day>22</Day>
		</Date>
		<Time>
			<Hour>18</Hour>
			<Min>39</Min>
			<Sec>5</Sec>
		</Time>
		<Creator>TrIDScan/Py v2.02</Creator>
	</General>
	<FrontBlock>
		<Pattern>
			<Bytes>3C3F786D6C2076657273696F6E3D22312E302220</Bytes>
			<ASCII> . ? x m l   v e r s i o n = " 1 . 0 "</ASCII>
			<Pos>0</Pos>
		</Pattern>
	</FrontBlock>
	<GlobalStrings>
		<String>MONSTER NUMBER</String>
		<String>THING NUMBER</String>
		<String>ROOM NUMBER</String>
		<String>XML VERSION</String>
		<String>CONNECTION</String>
		<String>PICKUPABLE</String>
		<String>N NUMBER</String>
		<String>TREASURE</String>
		<String>HDAMAGE</String>
		<String>LIGHTED</String>
		<String>VISIBLE</String>
		<String>TITLE</String>
		<String>CHAN</String>
		<String>DESC</String>
		<String>FROM</String>
		<String>GAME</String>
		<String>NAME</String>
		<String>THAT</String>
		<String>THIS</String>
		<String>TURN</String>
		<String>VENT</String>
	</GlobalStrings>
</TrID>