<TrID ver="2.00">
	<Info>
		<FileType>Acrobat User Interface data</FileType>
		<Ext>AAUI</Ext>
		<ExtraInfo>
			<Rem></Rem>
			<RefURL>http://en.wikipedia.org/wiki/Adobe_Acrobat</RefURL>
		</ExtraInfo>
		<User>Marco Pontello</User>
		<E-Mail>marcopon@gmail.com</E-Mail>
		<Home>http://mark0.net</Home>
	</Info>
	<General>
		<FileNum>5</FileNum>
		<CheckStrings>True</CheckStrings>
		<Date>
			<Year>2012</Year>
			<Month>11</Month>
			<Day>22</Day>
		</Date>
		<Time>
			<Hour>15</Hour>
			<Min>16</Min>
			<Sec>52</Sec>
		</Time>
		<Creator>TrIDScan/Py v1.80</Creator>
	</General>
	<FrontBlock>
		<Pattern>
			<Bytes>3C3F786D6C2076657273696F6E3D22312E302220656E636F64696E673D225554462D38223F3E</Bytes>
			<ASCII> . ? x m l   v e r s i o n = " 1 . 0 "   e n c o d i n g = " U T F - 8 " ?</ASCII>
			<Pos>0</Pos>
		</Pattern>
	</FrontBlock>
	<GlobalStrings>
		<String>ACROBATUI XMLNS</String>
		<String>COMPONENT LABEL</String>
		<String>BASICTOOLSPANE</String>
		<String>COMPONENT NAME</String>
		<String>MAJORVERSION</String>
		<String>MINORVERSION</String>
		<String>NS.ADOBE.COM</String>
		<String>XML VERSION</String>
		<String>FAVORITES</String>
		<String>ENCODING</String>
		<String>TITLE</String>
		<String>UTF-8</String>
		<String>HTTP</String>
	</GlobalStrings>
</TrID>