<TrID ver="2.00">
	<Info>
		<FileType>Palm Address Book</FileType>
		<Ext>ABA</Ext>
		<ExtraInfo>
			<Rem></Rem>
			<RefURL></RefURL>
		</ExtraInfo>
		<User>Marco Pontello</User>
		<E-Mail>marcopon@gmail.com</E-Mail>
		<Home>http://mark0.net</Home>
	</Info>
	<General>
		<FileNum>5</FileNum>
		<Refine>2 by Marco Pontello</Refine>
		<Date>
			<Year>2005</Year>
			<Month>02</Month>
			<Day>11</Day>
		</Date>
		<Time>
			<Hour>16</Hour>
			<Min>49</Min>
			<Sec>20</Sec>
		</Time>
		<Creator>TrIDScan32 v1.56</Creator>
	</General>
	<FrontBlock>
		<Pattern>
			<Bytes>00014241</Bytes>
			<ASCII> . . B A</ASCII>
			<Pos>0</Pos>
		</Pattern>
	</FrontBlock>
</TrID>
