<TrID ver="2.00">
	<Info>
		<FileType>ABC FlowCharter document</FileType>
		<Ext>ABC</Ext>
		<Mime>application/octet-stream</Mime>
		<ExtraInfo>
			<Rem></Rem>
			<RefURL>https://en.wikipedia.org/wiki/ABC_FlowCharter</RefURL>
		</ExtraInfo>
		<User>Marco Pontello</User>
		<E-Mail>marcopon@gmail.com</E-Mail>
		<Home>http://mark0.net</Home>
	</Info>
	<General>
		<FileNum>6</FileNum>
		<Date>
			<Year>2016</Year>
			<Month>10</Month>
			<Day>20</Day>
		</Date>
		<Time>
			<Hour>0</Hour>
			<Min>15</Min>
			<Sec>4</Sec>
		</Time>
		<Creator>TrIDScan/Py v2.02</Creator>
	</General>
	<FrontBlock>
		<Pattern>
			<Bytes>0038004A464F</Bytes>
			<ASCII> . 8 . J F O</ASCII>
			<Pos>0</Pos>
		</Pattern>
	</FrontBlock>
</TrID>