<TrID ver="2.00">
	<Info>
		<FileType>ABC notation</FileType>
		<Ext>ABC</Ext>
		<Mime>text/vnd.abc</Mime>
		<ExtraInfo>
			<Rem></Rem>
			<RefURL>http://fileformats.archiveteam.org/wiki/ABC_(musical_notation)</RefURL>
		</ExtraInfo>
		<User>Marco Pontello</User>
		<E-Mail>marcopon@gmail.com</E-Mail>
		<Home>http://mark0.net</Home>
	</Info>
	<General>
		<FileNum>2</FileNum>
		<Date>
			<Year>2016</Year>
			<Month>2</Month>
			<Day>21</Day>
		</Date>
		<Time>
			<Hour>14</Hour>
			<Min>10</Min>
			<Sec>47</Sec>
		</Time>
		<Creator>TrIDScan/Py v2.02</Creator>
	</General>
	<FrontBlock>
		<Pattern>
			<Bytes>25616263</Bytes>
			<ASCII> % a b c</ASCII>
			<Pos>0</Pos>
		</Pattern>
	</FrontBlock>
</TrID>