<TrID ver="2.00">
	<Info>
		<FileType>Address Book CoreData Person</FileType>
		<Ext>ABCDP</Ext>
		<Mime>application/octet-stream</Mime>
		<ExtraInfo>
			<Rem></Rem>
			<RefURL></RefURL>
		</ExtraInfo>
		<User>Marco Pontello</User>
		<E-Mail>marcopon@gmail.com</E-Mail>
		<Home>http://mark0.net</Home>
	</Info>
	<General>
		<FileNum>6</FileNum>
		<CheckStrings>True</CheckStrings>
		<Date>
			<Year>2015</Year>
			<Month>9</Month>
			<Day>8</Day>
		</Date>
		<Time>
			<Hour>16</Hour>
			<Min>26</Min>
			<Sec>8</Sec>
		</Time>
		<Creator>TrIDScan/Py v2.01</Creator>
	</General>
	<FrontBlock>
		<Pattern>
			<Bytes>62706C6973743030</Bytes>
			<ASCII> b p l i s t 0 0</ASCII>
			<Pos>0</Pos>
		</Pattern>
	</FrontBlock>
	<GlobalStrings>
		<String>IDENTIFIERSVLABELS</String>
		<String>ABPROPERTYTYPES</String>
		<String>ABRELATEDNAMES</String>
		<String>MIDDLEPHONETIC</String>
		<String>REMOTELOCATION</String>
		<String>ABPERSONFLAGS</String>
		<String>FIRSTPHONETIC</String>
		<String>JABBERINSTANT</String>
		<String>ABDEPARTMENT</String>
		<String>CALENDARURIS</String>
		<String>LASTPHONETIC</String>
		<String>MODIFICATION</String>
		<String>ORGANIZATION</String>
		<String>YAHOOINSTANT</String>
		<String>ZAIMINSTANT</String>
		<String>ZICQINSTANT</String>
		<String>ZMAIDENNAME</String>
		<String>ZMSNINSTANT</String>
		<String>SWPRIMARY</String>
		<String>XBIRTHDAY</String>
		<String>XCREATION</String>
		<String>XHOMEPAGE</String>
		<String>XJOBTITLE</String>
		<String>XNICKNAME</String>
		<String>BPLIST00</String>
		<String>WADDRESS</String>
		<String>VABDATE</String>
		<String>VMIDDLE</String>
		<String>VSUFFIX</String>
		<String>VVALUES</String>
		<String>UEMAIL</String>
		<String>UFIRST</String>
		<String>UPHONE</String>
		<String>UTITLE</String>
		<String>TLAST</String>
		<String>TNOTE</String>
		<String>TURLS</String>
		<String>SUID</String>
		<String>WORK</String>
	</GlobalStrings>
</TrID>