<TrID ver="2.00">
	<Info>
		<FileType>Audition music</FileType>
		<Ext>ABM</Ext>
		<ExtraInfo>
			<Rem></Rem>
			<RefURL>http://audition.playpark.com/</RefURL>
		</ExtraInfo>
		<User>Marco Pontello</User>
		<E-Mail>marcopon@gmail.com</E-Mail>
		<Home>http://mark0.net</Home>	</Info>
	<General>
		<FileNum>2</FileNum>
		<Date>
			<Year>2006</Year>
			<Month>09</Month>
			<Day>03</Day>
		</Date>
		<Time>
			<Hour>01</Hour>
			<Min>07</Min>
			<Sec>51</Sec>
		</Time>
		<Creator>TrIDScan32 v1.56</Creator>
	</General>
	<FrontBlock>
		<Pattern>
			<Bytes>4175646974696F6E4D75736963</Bytes>
			<ASCII> A u d i t i o n M u s i c</ASCII>
			<Pos>0</Pos>
		</Pattern>
	</FrontBlock>
</TrID>
