<TrID ver="2.00">
	<Info>
		<FileType>Absolute Database file</FileType>
		<Ext>ABS</Ext>
		<ExtraInfo>
			<Rem></Rem>
			<RefURL>http://www.componentace.com/bde_replacement_database_delphi_absolute_database.htm</RefURL>
		</ExtraInfo>
		<User>Marco Pontello</User>
		<E-Mail>marcopon@gmail.com</E-Mail>
		<Home>http://mark0.net</Home>	</Info>
	<General>
		<FileNum>11</FileNum>
		<Refine>4 by Marco Pontello</Refine>
		<Date>
			<Year>2007</Year>
			<Month>10</Month>
			<Day>26</Day>
		</Date>
		<Time>
			<Hour>14</Hour>
			<Min>25</Min>
			<Sec>50</Sec>
		</Time>
		<Creator>TrIDScan32 v1.56</Creator>
	</General>
	<FrontBlock>
		<Pattern>
			<Bytes>414253304C55544544415441424153454C</Bytes>
			<ASCII> A B S 0 L U T E D A T A B A S E L</ASCII>
			<Pos>0</Pos>
		</Pattern>
	</FrontBlock>
</TrID>
