<TrID ver="2.00">
	<Info>
		<FileType>CUPL ABS</FileType>
		<Ext>ABS</Ext>
		<Mime>application/octet-stream</Mime>
		<ExtraInfo>
			<Rem></Rem>
			<RefURL>https://en.wikipedia.org/wiki/Programmable_Array_Logic#CUPL</RefURL>
		</ExtraInfo>
		<User>Marco Pontello</User>
		<E-Mail>marcopon@gmail.com</E-Mail>
		<Home>http://mark0.net</Home>
	</Info>
	<General>
		<FileNum>6</FileNum>
		<Date>
			<Year>2017</Year>
			<Month>2</Month>
			<Day>24</Day>
		</Date>
		<Time>
			<Hour>1</Hour>
			<Min>57</Min>
			<Sec>54</Sec>
		</Time>
		<Creator>TrIDScan/Py v2.02</Creator>
	</General>
	<FrontBlock>
		<Pattern>
			<Bytes>255B0500</Bytes>
			<ASCII> % [</ASCII>
			<Pos>0</Pos>
		</Pattern>
	</FrontBlock>
</TrID>