<TrID ver="2.00">
	<Info>
		<FileType>AMOS Banks group</FileType>
		<Ext>ABS</Ext>
		<Mime>application/octet-stream</Mime>
		<ExtraInfo>
			<Rem></Rem>
			<RefURL>https://en.wikipedia.org/wiki/AMOS_(programming_language)</RefURL>
		</ExtraInfo>
		<User>Marco Pontello</User>
		<E-Mail>marcopon@gmail.com</E-Mail>
		<Home>http://mark0.net</Home>
	</Info>
	<General>
		<FileNum>10</FileNum>
		<Date>
			<Year>2016</Year>
			<Month>11</Month>
			<Day>7</Day>
		</Date>
		<Time>
			<Hour>15</Hour>
			<Min>5</Min>
			<Sec>35</Sec>
		</Time>
		<Creator>TrIDScan/Py v2.02</Creator>
	</General>
	<FrontBlock>
		<Pattern>
			<Bytes>416D4273</Bytes>
			<ASCII> A m B s</ASCII>
			<Pos>0</Pos>
		</Pattern>
	</FrontBlock>
</TrID>