<TrID ver="2.00">
	<Info>
		<FileType>abs spreadsheet</FileType>
		<Ext>ABS</Ext>
		<Mime>text/plain</Mime>
		<ExtraInfo>
			<Rem></Rem>
			<RefURL>http://web.archive.org/web/20040208143321/http://www.ping.be/bertin/abs.shtml</RefURL>
		</ExtraInfo>
		<User>Marco Pontello</User>
		<E-Mail>marcopon@gmail.com</E-Mail>
		<Home>http://mark0.net</Home>
	</Info>
	<General>
		<FileNum>13</FileNum>
		<CheckStrings>True</CheckStrings>
		<Date>
			<Year>2015</Year>
			<Month>4</Month>
			<Day>18</Day>
		</Date>
		<Time>
			<Hour>13</Hour>
			<Min>51</Min>
			<Sec>24</Sec>
		</Time>
		<Creator>TrIDScan/Py v2.01</Creator>
	</General>
	<FrontBlock>
		<Pattern>
			<Bytes>537562206D61696E</Bytes>
			<ASCII> S u b   m a i n</ASCII>
			<Pos>0</Pos>
		</Pattern>
	</FrontBlock>
	<GlobalStrings>
		<String>SUB MAIN</String>
		<String>END SUB</String>
	</GlobalStrings>
</TrID>