<TrID ver="2.00">
	<Info>
		<FileType>AutoCAD Color Book</FileType>
		<Ext>ACB</Ext>
		<ExtraInfo>
			<Rem></Rem>
			<RefURL>http://en.wikipedia.org/wiki/Autocad</RefURL>
		</ExtraInfo>
		<User>Marco Pontello</User>
		<E-Mail>marcopon@gmail.com</E-Mail>
		<Home>http://mark0.net</Home>
	</Info>
	<General>
		<FileNum>9</FileNum>
		<CheckStrings>True</CheckStrings>
		<Date>
			<Year>2011</Year>
			<Month>3</Month>
			<Day>31</Day>
		</Date>
		<Time>
			<Hour>0</Hour>
			<Min>58</Min>
			<Sec>31</Sec>
		</Time>
		<Creator>TrIDScan/Py v1.79.11b</Creator>
	</General>
	<FrontBlock>
		<Pattern>
			<Bytes>3C3F786D6C2076657273696F6E3D22312E302220656E636F64696E67</Bytes>
			<ASCII> . ? x m l   v e r s i o n = " 1 . 0 "   e n c o d i n g</ASCII>
			<Pos>0</Pos>
		</Pattern>
	</FrontBlock>
	<GlobalStrings>
		<String>XML VERSION</String>
		<String>COLORENTRY</String>
		<String>COLORBOOK</String>
		<String>COLORNAME</String>
		<String>COLORPAGE</String>
		<String>PAGECOLOR</String>
		<String>BOOKNAME</String>
		<String>ENCODING</String>
		<String>GREEN</String>
		<String>UTF-8</String>
		<String>BLUE</String>
		<String>RGB8</String>
	</GlobalStrings>
</TrID>