<TrID ver="1.18">
    <Info>
        <FileType>Adobe Photoshop Color Book</FileType>
        <Ext>ACB</Ext>
        <ExtraInfo>
            <Rem></Rem>
            <RefURL>http://www.adobe.com/products/photoshop/</RefURL>
        </ExtraInfo>
        <User>Marco Pontello</User>
        <E-Mail>marcopon@gmail.com</E-Mail>
        <Home>http://mark0.net</Home>
    </Info>
    <General>
        <FileNum>17</FileNum>
        <Date>
            <Year>2003</Year>
            <Month>10</Month>
            <Day>14</Day>
        </Date>
        <Time>
            <Hour>01</Hour>
            <Min>23</Min>
            <Sec>18</Sec>
        </Time>
        <Creator>TrIDScan32 v1.23</Creator>
    </General>
    <FrontBlock>
        <Pattern>
            <Bytes>3842434200010B</Bytes>
            <ASCII> 8 B C B</ASCII>
            <Pos>0</Pos>
        </Pattern>
        <Pattern>
            <Bytes>000000</Bytes>
            <Pos>8</Pos>
        </Pattern>
        <Pattern>
            <Bytes>002400240024002F0063006F006C006F00720062006F006F006B002F00</Bytes>
            <ASCII> . $ . $ . $ . / . c . o . l . o . r . b . o . o . k . /</ASCII>
            <Pos>12</Pos>
        </Pattern>
    </FrontBlock>
</TrID>
