<TrID ver="2.00">
	<Info>
		<FileType>Microsoft Access Database Link</FileType>
		<Ext>ACCDW</Ext>
		<Mime>text/xml</Mime>
		<ExtraInfo>
			<Rem></Rem>
			<RefURL>https://en.wikipedia.org/wiki/Microsoft_Access</RefURL>
		</ExtraInfo>
		<User>Marco Pontello</User>
		<E-Mail>marcopon@gmail.com</E-Mail>
		<Home>http://mark0.net</Home>
	</Info>
	<General>
		<FileNum>4</FileNum>
		<CheckStrings>True</CheckStrings>
		<Date>
			<Year>2016</Year>
			<Month>6</Month>
			<Day>29</Day>
		</Date>
		<Time>
			<Hour>0</Hour>
			<Min>25</Min>
			<Sec>52</Sec>
		</Time>
		<Creator>TrIDScan/Py v2.02</Creator>
	</General>
	<FrontBlock>
		<Pattern>
			<Bytes>3C3F786D6C2076657273696F6E3D22312E302220656E636F64696E673D227574662D38223F3E</Bytes>
			<ASCII> . ? x m l   v e r s i o n = " 1 . 0 "   e n c o d i n g = " u t f - 8 " ?</ASCII>
			<Pos>0</Pos>
		</Pattern>
	</FrontBlock>
	<GlobalStrings>
		<String>APPLICATIONREFERENCE XMLNS</String>
		<String>SCHEMAS.MICROSOFT.COM</String>
		<String>ACCESSSERVICES</String>
		<String>XML VERSION</String>
		<String>ENCODING</String>
		<String>OFFICE</String>
		<String>ACCDW</String>
		<String>UTF-8</String>
		<String>2011</String>
		<String>HTTP</String>
	</GlobalStrings>
</TrID>