<TrID ver="2.00">
	<Info>
		<FileType>Microsoft Access 2007 Database</FileType>
		<Ext>ACCDB</Ext>
		<ExtraInfo>
			<Rem></Rem>
			<RefURL>http://office.microsoft.com/en-us/access/HA100678311033.aspx</RefURL>
		</ExtraInfo>
		<User>Marco Pontello</User>
		<E-Mail>marcopon@gmail.com</E-Mail>
		<Home>http://mark0.net</Home>	</Info>
	<General>
		<FileNum>5</FileNum>
		<Date>
			<Year>2007</Year>
			<Month>08</Month>
			<Day>21</Day>
		</Date>
		<Time>
			<Hour>00</Hour>
			<Min>12</Min>
			<Sec>24</Sec>
		</Time>
		<Creator>TrIDScan32 v1.56</Creator>
	</General>
	<FrontBlock>
		<Pattern>
			<Bytes>000100005374616E6461726420414345204442</Bytes>
			<ASCII> . . . . S t a n d a r d   A C E   D B</ASCII>
			<Pos>0</Pos>
		</Pattern>
	</FrontBlock>
</TrID>
