<TrID ver="2.00">
	<Info>
		<FileType>Audio Calibration DataBase</FileType>
		<Ext>ACDB</Ext>
		<Mime>application/octet-stream</Mime>
		<ExtraInfo>
			<Rem></Rem>
			<RefURL></RefURL>
		</ExtraInfo>
		<User>Marco Pontello</User>
		<E-Mail>marcopon@gmail.com</E-Mail>
		<Home>http://mark0.net</Home>
	</Info>
	<General>
		<FileNum>18</FileNum>
		<CheckStrings>True</CheckStrings>
		<Date>
			<Year>2016</Year>
			<Month>2</Month>
			<Day>12</Day>
		</Date>
		<Time>
			<Hour>1</Hour>
			<Min>22</Min>
			<Sec>0</Sec>
		</Time>
		<Creator>TrIDScan/Py v2.02</Creator>
	</General>
	<FrontBlock>
		<Pattern>
			<Bytes>51434D534E444442</Bytes>
			<ASCII> Q C M S N D D B</ASCII>
			<Pos>0</Pos>
		</Pattern>
		<Pattern>
			<Bytes>4442</Bytes>
			<ASCII> D B</ASCII>
			<Pos>18</Pos>
		</Pattern>
	</FrontBlock>
	<GlobalStrings>
		<String>A'D'S'P'.'B'F'.</String>
		<String>ACSWVERS</String>
		<String>ADSPVERS</String>
		<String>DATAPOOL</String>
		<String>MODIFIED</String>
		<String>QCMSNDDB</String>
		<String>CDCNAME</String>
		<String>OEMINFO</String>
		<String>PROPLUT</String>
		<String>SWPNAME</String>
		<String>SWPVERS</String>
		<String>CDFT</String>
		<String>CDOT</String>
		<String>LLUT</String>
		<String>LUT0</String>
	</GlobalStrings>
</TrID>