<TrID ver="1.16">
    <Info>
        <FileType>Acorn Draw drawing</FileType>
        <Ext></Ext>
        <User>Marco Pontello</User>
        <E-Mail>marcopon@gmail.com</E-Mail>
        <Home>http://mark0.net</Home>
    </Info>
    <General>
        <FileNum>63</FileNum>
        <Date>
            <Year>2003</Year>
            <Month>07</Month>
            <Day>13</Day>
        </Date>
        <Time>
            <Hour>13</Hour>
            <Min>21</Min>
            <Sec>22</Sec>
        </Time>
        <Creator>TrIDScan32 v1.00.1</Creator>
    </General>
    <FrontBlock>
        <Pattern>
            <Bytes>44726177C900000000000000</Bytes>
            <ASCII> D r a w</ASCII>
            <Pos>0</Pos>
        </Pattern>
    </FrontBlock>
</TrID>
