<TrID ver="2.00">
	<Info>
		<FileType>EditPlus Auto Completion</FileType>
		<Ext>ACP</Ext>
		<Mime>text/plain</Mime>
		<ExtraInfo>
			<Rem></Rem>
			<RefURL>https://en.wikipedia.org/wiki/EditPlus</RefURL>
		</ExtraInfo>
		<User>Marco Pontello</User>
		<E-Mail>marcopon@gmail.com</E-Mail>
		<Home>http://mark0.net</Home>
	</Info>
	<General>
		<FileNum>6</FileNum>
		<CheckStrings>True</CheckStrings>
		<Date>
			<Year>2016</Year>
			<Month>6</Month>
			<Day>29</Day>
		</Date>
		<Time>
			<Hour>0</Hour>
			<Min>22</Min>
			<Sec>27</Sec>
		</Time>
		<Creator>TrIDScan/Py v2.02</Creator>
	</General>
	<FrontBlock>
		<Pattern>
			<Bytes>235449544C453D</Bytes>
			<ASCII> # T I T L E =</ASCII>
			<Pos>0</Pos>
		</Pattern>
	</FrontBlock>
	<GlobalStrings>
		<String>CASE</String>
	</GlobalStrings>
</TrID>