<TrID ver="2.00">
	<Info>
		<FileType>TCPDUMP's style capture</FileType>
		<Ext>ACP/PCAP</Ext>
		<ExtraInfo>
			<Rem></Rem>
			<RefURL></RefURL>
		</ExtraInfo>
		<User>Marco Pontello</User>
		<E-Mail>marcopon@gmail.com</E-Mail>
		<Home>http://mark0.net</Home>
	</Info>
	<General>
		<FileNum>20</FileNum>
		<Refine>2 by Marco Pontello</Refine>
		<Date>
			<Year>2008</Year>
			<Month>10</Month>
			<Day>21</Day>
		</Date>
		<Time>
			<Hour>14</Hour>
			<Min>52</Min>
			<Sec>35</Sec>
		</Time>
		<Creator>TrIDScan32 v1.56</Creator>
	</General>
	<FrontBlock>
		<Pattern>
			<Bytes>D4C3B2A1</Bytes>
			<Pos>0</Pos>
		</Pattern>
	</FrontBlock>
</TrID>
