<TrID ver="2.00">
	<Info>
		<FileType>American College of Radiology file</FileType>
		<Ext>ACR</Ext>
		<ExtraInfo>
			<Rem></Rem>
			<RefURL>http://www.acr.org/s_acr/index.asp</RefURL>
		</ExtraInfo>
		<User>Marco Pontello</User>
		<E-Mail>marcopon@gmail.com</E-Mail>
		<Home>http://mark0.net</Home>	</Info>
	<General>
		<FileNum>6</FileNum>
		<CheckStrings>True</CheckStrings>
		<Date>
			<Year>2006</Year>
			<Month>06</Month>
			<Day>10</Day>
		</Date>
		<Time>
			<Hour>01</Hour>
			<Min>53</Min>
			<Sec>18</Sec>
		</Time>
		<Creator>TrIDScan32 v1.56</Creator>
	</General>
	<FrontBlock>
		<Pattern>
			<Bytes>6163633A</Bytes>
			<ASCII> a c c :</ASCII>
			<Pos>0</Pos>
		</Pattern>
	</FrontBlock>
</TrID>
