<TrID ver="2.00">
	<Info>
		<FileType>AIMP Skin (v3)</FileType>
		<Ext>ACS3</Ext>
		<ExtraInfo>
			<Rem></Rem>
			<RefURL>http://en.wikipedia.org/wiki/AIMP</RefURL>
		</ExtraInfo>
		<User>Marco Pontello</User>
		<E-Mail>marcopon@gmail.com</E-Mail>
		<Home>http://mark0.net</Home>
	</Info>
	<General>
		<FileNum>6</FileNum>
		<Date>
			<Year>2014</Year>
			<Month>8</Month>
			<Day>8</Day>
		</Date>
		<Time>
			<Hour>3</Hour>
			<Min>44</Min>
			<Sec>12</Sec>
		</Time>
		<Creator>TrIDScan/Py v1.90</Creator>
	</General>
	<FrontBlock>
		<Pattern>
			<Bytes>41435333</Bytes>
			<ASCII> A C S 3</ASCII>
			<Pos>0</Pos>
		</Pattern>
	</FrontBlock>
</TrID>