<TrID ver="2.00">
	<Info>
		<FileType>X-CAD font</FileType>
		<Ext></Ext>
		<Mime>application/octet-stream</Mime>
		<ExtraInfo>
			<Rem>Amiga CAD application.</Rem>
			<RefURL>http://www.pcmuseum.ca/details.asp?id=38973</RefURL>
		</ExtraInfo>
		<User>Marco Pontello</User>
		<E-Mail>marcopon@gmail.com</E-Mail>
		<Home>http://mark0.net</Home>
	</Info>
	<General>
		<FileNum>6</FileNum>
		<Date>
			<Year>2016</Year>
			<Month>11</Month>
			<Day>9</Day>
		</Date>
		<Time>
			<Hour>20</Hour>
			<Min>45</Min>
			<Sec>14</Sec>
		</Time>
		<Creator>TrIDScan/Py v2.02</Creator>
	</General>
	<FrontBlock>
		<Pattern>
			<Bytes>4143584600000000</Bytes>
			<ASCII> A C X F</ASCII>
			<Pos>0</Pos>
		</Pattern>
	</FrontBlock>
</TrID>