<TrID ver="2.00">
	<Info>
		<FileType>Anno Designer layout</FileType>
		<Ext>AD</Ext>
		<Mime>text/plain</Mime>
		<ExtraInfo>
			<Rem></Rem>
			<RefURL></RefURL>
		</ExtraInfo>
		<User>Marco Pontello</User>
		<E-Mail>marcopon@gmail.com</E-Mail>
		<Home>http://mark0.net</Home>
	</Info>
	<General>
		<FileNum>11</FileNum>
		<CheckStrings>True</CheckStrings>
		<Date>
			<Year>2016</Year>
			<Month>8</Month>
			<Day>6</Day>
		</Date>
		<Time>
			<Hour>16</Hour>
			<Min>8</Min>
			<Sec>6</Sec>
		</Time>
		<Creator>TrIDScan/Py v2.02</Creator>
	</General>
	<FrontBlock>
		<Pattern>
			<Bytes>5B7B22436F6C6F72223A7B2241223A</Bytes>
			<ASCII> [ { " C o l o r " : { " A " :</ASCII>
			<Pos>0</Pos>
		</Pattern>
	</FrontBlock>
	<GlobalStrings>
		<String>POSITION</String>
		<String>_HEIGHT</String>
		<String>RADIUS</String>
		<String>_WIDTH</String>
		<String>COLOR</String>
		<String>DEPOT</String>
		<String>ICONS</String>
		<String>LABEL</String>
		<String>.PNG</String>
		<String>NULL</String>
		<String>SIZE</String>
	</GlobalStrings>
</TrID>