<TrID ver="2.00">
	<Info>
		<FileType>Alibre Design Assembly</FileType>
		<Ext>AD_ASM</Ext>
		<Mime>application/octet-stream</Mime>
		<ExtraInfo>
			<Rem></Rem>
			<RefURL>https://en.wikipedia.org/wiki/Alibre_Design</RefURL>
		</ExtraInfo>
		<User>Marco Pontello</User>
		<E-Mail>marcopon@gmail.com</E-Mail>
		<Home>http://mark0.net</Home>
	</Info>
	<General>
		<FileNum>56</FileNum>
		<CheckStrings>True</CheckStrings>
		<Date>
			<Year>2016</Year>
			<Month>12</Month>
			<Day>2</Day>
		</Date>
		<Time>
			<Hour>23</Hour>
			<Min>37</Min>
			<Sec>50</Sec>
		</Time>
		<Creator>TrIDScan/Py v2.02</Creator>
	</General>
	<FrontBlock>
		<Pattern>
			<Bytes>D0CF11E0A1B11AE100</Bytes>
			<Pos>0</Pos>
		</Pattern>
	</FrontBlock>
	<GlobalStrings>
		<String>CONTROL THE CONFIGURATION OF THREE DIMENSIONAL DESIGN</String>
		<String>PRODUCT_DEFINITION_FORMATION_WITH_SPECIFIED_SOURCE(</String>
		<String>* GENERATED BY SOFTWARE CONTAINING ST-DEVELOPER</String>
		<String>L'I'G'H'T'_'C'O'N'F'I'G'U'R'A'T'I'O'N'_'D'A'T'A</String>
		<String>CC_DESIGN_PERSON_AND_ORGANIZATION_ASSIGNMENT(</String>
		<String>CARTESIAN_TRANSFORMATION_OPERATOR_3D($</String>
		<String>CC_DESIGN_DATE_AND_TIME_ASSIGNMENT(</String>
		<String>CC_DESIGN_SECURITY_CLASSIFICATION(</String>
		<String>COORDINATED_UNIVERSAL_TIME_OFFSET(</String>
		<String>PRODUCT_RELATED_PRODUCT_CATEGORY(</String>
		<String>APPLICATION_PROTOCOL_DEFINITION(</String>
		<String>DIMENSION ANNOTATION PLACEMENT</String>
		<String>SECURITY_CLASSIFICATION_LEVEL(</String>
		<String>APPROVAL_PERSON_ORGANIZATION(</String>
		<String>PERSON_AND_ORGANIZATION_ROLE(</String>
		<String>DEFAULT DIMENSION STYLE NAME</String>
		<String>DESIGNASSEMBLYCONFIGURATION(</String>
		<String>MEASUREMENTSEGMENTFORMAT(10.</String>
		<String>MEASUREMENTSEGMENTFORMAT(1.</String>
		<String>REPOSITORYVERSIONREFERENCE(</String>
		<String>TOLERANCE LOWER ANGLE VALUE</String>
		<String>TOLERANCE UPPER ANGLE VALUE</String>
		<String>DEFAULT DIMENSION STYLE ID</String>
		<String>DIAMETRIC DIMENSION OPTION</String>
		<String>DIMENSION SHOW PARENTHESIS</String>
		<String>DUAL TRAILING ZEROS STATUS</String>
		<String>__CONSTITUENTMINORVERSIONS</String>
		<String>* IMPLEMENTATION_LEVEL *</String>
		<String>* PREPROCESSOR_VERSION *</String>
		<String>DIMENSION LINE OVERSHOOT</String>
		<String>DIMENSION LINE PLACEMENT</String>
		<String>INC. (WWW.STEPTOOLS.COM)</String>
		<String>LAST_MODIFICATION_AUTHOR</String>
		<String>PERSON_AND_ORGANIZATION(</String>
		<String>C'O'N'S'T'I'T'U'E'N'T'S</String>
		<String>DESIGNPLANEOPERATION(()</String>
		<String>DESIGNPOINTOPERATION(()</String>
		<String>DUAL DISTANCE PRECISION</String>
		<String>ENABLEADVANCEDRENDERING</String>
		<String>* ORIGINATING_SYSTEM *</String>
		<String>CLASSIFICATION_OFFICER</String>
		<String>DENSITY DISTANCE UNITS</String>
		<String>DESIGNAXISOPERATION(()</String>
		<String>DESIGNPRIMARYPLANE(.F.</String>
		<String>DESIGNPRIMARYPOINT(.F.</String>
		<String>DUAL SHOW LEADING ZERO</String>
		<String>LAST_MODIFICATION_TIME</String>
		<String>MEASUREMENTFORMATPAIR(</String>
		<String>AUTO EXPLODE DISTANCE</String>
		<String>CONFIG_CONTROL_DESIGN</String>
		<String>DESIGNPRIMARYAXIS(.F.</String>
		<String>DISTANCE INCREMENT V7</String>
		<String>TOLERANCE LOWER VALUE</String>
		<String>TOLERANCE UPPER VALUE</String>
		<String>AP DEFINITION STATUS</String>
		<String>APPLICATION_CONTEXT(</String>
		<String>AXIS2_PLACEMENT_3D($</String>
		<String>DUAL ANGLE PRECISION</String>
		<String>DUAL DISTANCE FORMAT</String>
		<String>FONTDESCRIPTIONPAIR(</String>
		<String>LAST_ACCESSED_AUTHOR</String>
		<String>SHOW DIMENSION UNITS</String>
		<String>SHOW DUAL DIMENSIONS</String>
		<String>USE ADAPTIVE MESHING</String>
		<String>USE DENSITY MATERIAL</String>
		<String>__MINORVERSIONNUMBER</String>
		<String>APPROVAL_DATE_TIME(</String>
		<String>ARROW SECOND LENGTH</String>
		<String>CC_DESIGN_APPROVAL(</String>
		<String>CLASSIFICATION_DATE</String>
		<String>DIMENSION TEXT FONT</String>
		<String>DUAL DISTANCE UNITS</String>
		<String>EXTENTION OVERSHOOT</String>
		<String>MEASUREMENTFORMAT((</String>
		<String>MECHANICAL_CONTEXT(</String>
		<String>PRODUCT_DEFINITION(</String>
		<String>R'O'O'T' 'E'N'T'R'Y</String>
		<String>SEGMENTS PER CIRCLE</String>
		<String>TEXT SIZE IN POINTS</String>
		<String>ARROW SECOND STYLE</String>
		<String>ARROW SECOND WIDTH</String>
		<String>DENSITY MASS UNITS</String>
		<String>DESIGNINCLUSION(()</String>
		<String>LAST_ACCESSED_TIME</String>
		<String>* AUTHORISATION *</String>
		<String>* FROM STEP TOOLS</String>
		<String>AXIS1_PLACEMENT($</String>
		<String>BOOLEANVALUEPAIR(</String>
		<String>CARTESIAN_POINT($</String>
		<String>FACE REFLECTIVITY</String>
		<String>FILE_DESCRIPTION(</String>
		<String>INTEGERVALUEPAIR(</String>
		<String>P'R'O'P'_'D'A'T'A</String>
		<String>S'T'E'P'_'D'A'T'A</String>
		<String>* ORGANIZATION *</String>
		<String>ANGLE INCREMENTS</String>
		<String>APPROVAL_STATUS(</String>
		<String>CALENDAR_DATE(20</String>
		<String>DESIGNASSEMBLY($</String>
		<String>DESIGNWORKSPACE(</String>
		<String>DUAL ANGLE UNTIS</String>
		<String>END-ISO-10303-21</String>
		<String>FONTDESCRIPTION(</String>
		<String>PARAMETERTABLE((</String>
		<String>PRODUCTVERSION 1</String>
		<String>SECUREOBJECTTYPE</String>
		<String>STRINGVALUEPAIR(</String>
		<String>* DESCRIPTION *</String>
		<String>CREATION_AUTHOR</String>
		<String>DATE_TIME_ROLE(</String>
		<String>DESIGN_CONTEXT(</String>
		<String>DESIGN_SUPPLIER</String>
		<String>DETAILED DESIGN</String>
		<String>DIAMETER SYMBOL</String>
		<String>PRODUCTVERSION(</String>
		<String>REPOSITORY GUID</String>
		<String>SHOULDER LENGTH</String>
		<String>ST-DEVELOPER V1</String>
		<String>STEPFILEVERSION</String>
		<String>VERSION_COMMENT</String>
		<String>* TIME_STAMP *</String>
		<String>APPROVAL_ROLE(</String>
		<String>DATE_AND_TIME(</String>
		<String>DESIGNMEMBER($</String>
		<String>DUAL PLACEMENT</String>
		<String>FILE_SCHEMA ((</String>
		<String>REALVALUEPAIR(</String>
		<String>SCHEMAVERSION(</String>
		<String>SEGMENT FORMAT</String>
		<String>TOLERANCE FONT</String>
		<String>TOLERANCE TYPE</String>
		<String>ALIBRE_SCHEMA</String>
		<String>CREATION_DATE</String>
		<String>CREATION_TIME</String>
		<String>DEFAULT UNITS</String>
		<String>EXTENTION GAP</String>
		<String>RADIUS SYMBOL</String>
		<String>V'E'R'S'I'O'N</String>
		<String>VOLUME FORMAT</String>
		<String>.NOT_KNOWN.)</String>
		<String>ANGLE FORMAT</String>
		<String>ARROW LENGTH</String>
		<String>CONSTITUENTS</String>
		<String>COUNTRY CODE</String>
		<String>DESIGNSTATE(</String>
		<String>DESIGN_OWNER</String>
		<String>TRANSFERSIZE</String>
		<String>UNCLASSIFIED</String>
		<String>ALIBRE INC.</String>
		<String>ANGLE UNITS</String>
		<String>ARROW STYLE</String>
		<String>ARROW WIDTH</String>
		<String>DIRECTION($</String>
		<String>LOCAL_TIME(</String>
		<String>PROFILE(())</String>
		<String>TEMPDESIGN0</String>
		<String>THRU SYMBOL</String>
		<String>* AUTHOR *</String>
		<String>EDGE COLOR</String>
		<String>FACE COLOR</String>
		<String>FILE_NAME(</String>
		<String>MAX SYMBOL</String>
		<String>MIN SYMBOL</String>
		<String>LOCALE ID</String>
		<String>TOTALSIZE</String>
		<String>* NAME *</String>
		<String>APPROVED</String>
		<String>CODEPAGE</String>
		<String>PRODUCT(</String>
		<String>TEXT GAP</String>
		<String>VECTOR($</String>
		<String>CREATOR</String>
		<String>PERSON(</String>
		<String>PLANE($</String>
		<String>SUBTYPE</String>
		<String>ENDSEC</String>
		<String>HEADER</String>
		<String>V3NAME</String>
		<String>EIGHT</String>
		<String>DATA</String>
		<String>MODE</String>
	</GlobalStrings>
</TrID>