<TrID ver="2.00">
	<Info>
		<FileType>Alibre Design Drawing</FileType>
		<Ext>AD_DRW</Ext>
		<Mime>application/octet-stream</Mime>
		<ExtraInfo>
			<Rem></Rem>
			<RefURL>https://en.wikipedia.org/wiki/Alibre_Design</RefURL>
		</ExtraInfo>
		<User>Marco Pontello</User>
		<E-Mail>marcopon@gmail.com</E-Mail>
		<Home>http://mark0.net</Home>
	</Info>
	<General>
		<FileNum>25</FileNum>
		<CheckStrings>True</CheckStrings>
		<Date>
			<Year>2016</Year>
			<Month>12</Month>
			<Day>2</Day>
		</Date>
		<Time>
			<Hour>23</Hour>
			<Min>49</Min>
			<Sec>47</Sec>
		</Time>
		<Creator>TrIDScan/Py v2.02</Creator>
	</General>
	<FrontBlock>
		<Pattern>
			<Bytes>D0CF11E0A1B11AE100</Bytes>
			<Pos>0</Pos>
		</Pattern>
	</FrontBlock>
	<GlobalStrings>
		<String>* GENERATED BY SOFTWARE CONTAINING ST-DEVELOPER</String>
		<String>AUTO CREATE EXTERNAL THREAD CALLOUTS</String>
		<String>EXTERNAL_MINOR_DIA_RADIAL_LAYER_ID</String>
		<String>INTERNAL_MINOR_DIA_RADIAL_LAYER_ID</String>
		<String>EXTERNAL_MINOR_DIA_AXIAL_LAYER_ID</String>
		<String>INTERNAL_MINOR_DIA_AXIAL_LAYER_ID</String>
		<String>AUTO PROJECT DESIGN DIMENSIONS</String>
		<String>DIMENSION ANNOTATION PLACEMENT</String>
		<String>AUTO CREATE COSMETIC THREADS</String>
		<String>DEFAULT DIMENSION STYLE NAME</String>
		<String>EXTERNAL_THREAD_END_LAYER_ID</String>
		<String>MEASUREMENTSEGMENTFORMAT(1.</String>
		<String>TOLERANCE LOWER ANGLE VALUE</String>
		<String>TOLERANCE UPPER ANGLE VALUE</String>
		<String>USE THIRD ANGLE PROJECTIONS</String>
		<String>BROWSER EXPLORER IS VISIBL</String>
		<String>DEFAULT DIMENSION STYLE ID</String>
		<String>DIAMETRIC DIMENSION OPTION</String>
		<String>DIMENSION SHOW PARENTHESIS</String>
		<String>DUAL TRAILING ZEROS STATUS</String>
		<String>__CONSTITUENTMINORVERSIONS</String>
		<String>AUTO CREATE HOLE CALLOUTS</String>
		<String>* IMPLEMENTATION_LEVEL *</String>
		<String>* PREPROCESSOR_VERSION *</String>
		<String>DIMENSION LINE OVERSHOOT</String>
		<String>DIMENSION LINE PLACEMENT</String>
		<String>INC. (WWW.STEPTOOLS.COM)</String>
		<String>LAST_MODIFICATION_AUTHOR</String>
		<String>DRAWINGACTIVESHEETINDEX</String>
		<String>DUAL DISTANCE PRECISION</String>
		<String>ENABLEADVANCEDRENDERING</String>
		<String>EXTERNAL_RUNOUT_VISIBLE</String>
		<String>* ORIGINATING_SYSTEM *</String>
		<String>CENTER LINES EXTENSION</String>
		<String>DENSITY DISTANCE UNITS</String>
		<String>DUAL SHOW LEADING ZERO</String>
		<String>LAST_MODIFICATION_TIME</String>
		<String>MEASUREMENTFORMATPAIR(</String>
		<String>OFFSET HATCHING ANGLES</String>
		<String>AUTO EXPLODE DISTANCE</String>
		<String>CONFIG_CONTROL_DESIGN</String>
		<String>CONSTRAINTCONTEXTUV((</String>
		<String>DISTANCE INCREMENT V7</String>
		<String>HATCHING ANGLE OFFSET</String>
		<String>HATCHING START OFFSET</String>
		<String>TOLERANCE LOWER VALUE</String>
		<String>TOLERANCE UPPER VALUE</String>
		<String>BROWSER IS MAXIMIZED</String>
		<String>DETAIL VIEW LAYER ID</String>
		<String>DUAL ANGLE PRECISION</String>
		<String>DUAL DISTANCE FORMAT</String>
		<String>ENTITYLAYERMANAGER((</String>
		<String>EXTERNAL_EMPTY_ANGLE</String>
		<String>EXTERNAL_START_ANGLE</String>
		<String>FONTDESCRIPTIONPAIR(</String>
		<String>HATCHING LINE WEIGHT</String>
		<String>INTERNAL_EMPTY_ANGLE</String>
		<String>INTERNAL_START_ANGLE</String>
		<String>LAST_ACCESSED_AUTHOR</String>
		<String>REFERENCEPOINTUV(.T.</String>
		<String>SHOW DIMENSION UNITS</String>
		<String>SHOW DUAL DIMENSIONS</String>
		<String>SHOW REFERENCE NODES</String>
		<String>USE ADAPTIVE MESHING</String>
		<String>USE DENSITY MATERIAL</String>
		<String>__MINORVERSIONNUMBER</String>
		<String>ARROW SECOND LENGTH</String>
		<String>BROWSER SPLIT WIDTH</String>
		<String>DIMENSION TEXT FONT</String>
		<String>DUAL DISTANCE UNITS</String>
		<String>EXTENTION OVERSHOOT</String>
		<String>MEASUREMENTFORMAT((</String>
		<String>R'O'O'T' 'E'N'T'R'Y</String>
		<String>REFERENCEAXISUV(.T.</String>
		<String>SEGMENTS PER CIRCLE</String>
		<String>TEXT SIZE IN POINTS</String>
		<String>ARROW SECOND STYLE</String>
		<String>ARROW SECOND WIDTH</String>
		<String>BROWSER LOCATION X</String>
		<String>BROWSER LOCATION Y</String>
		<String>BROWSER PROPERTIES</String>
		<String>CENTER MARKS STYLE</String>
		<String>DENSITY MASS UNITS</String>
		<String>LAST_ACCESSED_TIME</String>
		<String>SECTION VIEW STYLE</String>
		<String>* AUTHORISATION *</String>
		<String>* FROM STEP TOOLS</String>
		<String>BOOLEANVALUEPAIR(</String>
		<String>CARTESIAN_POINT($</String>
		<String>CENTER MARKS SIZE</String>
		<String>DRAWINGWORKSPACE(</String>
		<String>FILE_DESCRIPTION(</String>
		<String>HATCHPATTERNPAIR(</String>
		<String>INTEGERVALUEPAIR(</String>
		<String>P'R'O'P'_'D'A'T'A</String>
		<String>S'T'E'P'_'D'A'T'A</String>
		<String>SECTION VIEW FONT</String>
		<String>SHOW BEND CENTERS</String>
		<String>SHOW CENTER LINES</String>
		<String>SHOW CENTER MARKS</String>
		<String>* ORGANIZATION *</String>
		<String>ANGLE INCREMENTS</String>
		<String>AXIS2_PLACEMENT_</String>
		<String>BLOCKDEFINITION(</String>
		<String>CENTER LINES GAP</String>
		<String>DETAIL VIEW FONT</String>
		<String>DUAL ANGLE UNTIS</String>
		<String>END-ISO-10303-21</String>
		<String>FONTDESCRIPTION(</String>
		<String>SECUREOBJECTTYPE</String>
		<String>STRINGVALUEPAIR(</String>
		<String>* DESCRIPTION *</String>
		<String>CREATION_AUTHOR</String>
		<String>DIAMETER SYMBOL</String>
		<String>ENTITYLAYER(.F.</String>
		<String>REPOSITORY GUID</String>
		<String>SHOULDER LENGTH</String>
		<String>ST-DEVELOPER V1</String>
		<String>STEPFILEVERSION</String>
		<String>VERSION_COMMENT</String>
		<String>* TIME_STAMP *</String>
		<String>BROWSER HEIGHT</String>
		<String>DUAL PLACEMENT</String>
		<String>FILE_SCHEMA ((</String>
		<String>HATCHING COLOR</String>
		<String>HATCHING SCALE</String>
		<String>LINEPATTERN(()</String>
		<String>PRODUCTVERSION</String>
		<String>REALVALUEPAIR(</String>
		<String>SCHEMAVERSION(</String>
		<String>SEGMENT FORMAT</String>
		<String>SHOW EQUATIONS</String>
		<String>TOLERANCE FONT</String>
		<String>TOLERANCE TYPE</String>
		<String>ALIBRE_SCHEMA</String>
		<String>BROWSER WIDTH</String>
		<String>CREATION_TIME</String>
		<String>DEFAULT UNITS</String>
		<String>DRAWINGSHEET(</String>
		<String>EXTENTION GAP</String>
		<String>HATCH PATTERN</String>
		<String>HATCHPATTERN(</String>
		<String>HATCHSEGMENT(</String>
		<String>RADIUS SYMBOL</String>
		<String>V'E'R'S'I'O'N</String>
		<String>VOLUME FORMAT</String>
		<String>ANGLE FORMAT</String>
		<String>ARROW LENGTH</String>
		<String>COUNTRY CODE</String>
		<String>TEMPDRAWING0</String>
		<String>TRANSFERSIZE</String>
		<String>ALIBRE INC.</String>
		<String>ANGLE UNITS</String>
		<String>ARROW STYLE</String>
		<String>ARROW WIDTH</String>
		<String>DIRECTION($</String>
		<String>THRU SYMBOL</String>
		<String>* AUTHOR *</String>
		<String>CONTINUOUS</String>
		<String>ENABLE_FHL</String>
		<String>FILE_NAME(</String>
		<String>MAX SYMBOL</String>
		<String>MIN SYMBOL</String>
		<String>DRAWING((</String>
		<String>EXTENTUV(</String>
		<String>LOCALE ID</String>
		<String>PROFILE((</String>
		<String>TOTALSIZE</String>
		<String>* NAME *</String>
		<String>ANGLEUV(</String>
		<String>CODEPAGE</String>
		<String>LAYER(()</String>
		<String>SNAPSHOT</String>
		<String>TEXT GAP</String>
		<String>VECTOR($</String>
		<String>PHANTOM</String>
		<String>TANGENT</String>
		<String>UNKNOWN</String>
		<String>W ARROW</String>
		<String>BORDER</String>
		<String>DASHED</String>
		<String>ENDSEC</String>
		<String>HEADER</String>
		<String>HIDDEN</String>
		<String>V3NAME</String>
		<String>SOLID</String>
		<String>ANSI</String>
		<String>DATA</String>
		<String>EDGE</String>
		<String>IONA</String>
		<String>NCE(</String>
		<String>NE($</String>
		<String>TER(</String>
		<String>ULAR</String>
	</GlobalStrings>
</TrID>