<TrID ver="2.00">
	<Info>
		<FileType>Alibre Design Part</FileType>
		<Ext>AD_PRT</Ext>
		<Mime>application/octet-stream</Mime>
		<ExtraInfo>
			<Rem></Rem>
			<RefURL>https://en.wikipedia.org/wiki/Alibre_Design</RefURL>
		</ExtraInfo>
		<User>Marco Pontello</User>
		<E-Mail>marcopon@gmail.com</E-Mail>
		<Home>http://mark0.net</Home>
	</Info>
	<General>
		<FileNum>227</FileNum>
		<CheckStrings>True</CheckStrings>
		<Date>
			<Year>2016</Year>
			<Month>12</Month>
			<Day>2</Day>
		</Date>
		<Time>
			<Hour>23</Hour>
			<Min>47</Min>
			<Sec>11</Sec>
		</Time>
		<Creator>TrIDScan/Py v2.02</Creator>
	</General>
	<FrontBlock>
		<Pattern>
			<Bytes>D0CF11E0A1B11AE100</Bytes>
			<Pos>0</Pos>
		</Pattern>
	</FrontBlock>
	<GlobalStrings>
		<String>CONTROL THE CONFIGURATION OF THREE DIMENSIONAL DESIGN</String>
		<String>PRODUCT_DEFINITION_FORMATION_WITH_SPECIFIED_SOURCE(</String>
		<String>* GENERATED BY SOFTWARE CONTAINING ST-DEVELOPER</String>
		<String>L'I'G'H'T'_'C'O'N'F'I'G'U'R'A'T'I'O'N'_'D'A'T'A</String>
		<String>PRODUCT_RELATED_PRODUCT_CATEGORY(</String>
		<String>APPLICATION_PROTOCOL_DEFINITION(</String>
		<String>A'U'T'O'G'R'A'P'H'_'D'A'T'A</String>
		<String>MEASUREMENTSEGMENTFORMAT(1.</String>
		<String>DIMENSION SHOW PARENTHESIS</String>
		<String>__CONSTITUENTMINORVERSIONS</String>
		<String>* IMPLEMENTATION_LEVEL *</String>
		<String>* PREPROCESSOR_VERSION *</String>
		<String>DESIGNPARTCONFIGURATION(</String>
		<String>INC. (WWW.STEPTOOLS.COM)</String>
		<String>LAST_MODIFICATION_AUTHOR</String>
		<String>DESIGNPLANEOPERATION(()</String>
		<String>* ORIGINATING_SYSTEM *</String>
		<String>DESIGNAXISOPERATION(()</String>
		<String>DESIGNPRIMARYPLANE(.F.</String>
		<String>LAST_MODIFICATION_TIME</String>
		<String>MEASUREMENTFORMATPAIR(</String>
		<String>AUTO EXPLODE DISTANCE</String>
		<String>CONFIG_CONTROL_DESIGN</String>
		<String>DESIGNPRIMARYAXIS(.F.</String>
		<String>DISTANCE INCREMENT V7</String>
		<String>AP DEFINITION STATUS</String>
		<String>APPLICATION_CONTEXT(</String>
		<String>AXIS2_PLACEMENT_3D($</String>
		<String>FONTDESCRIPTIONPAIR(</String>
		<String>LAST_ACCESSED_AUTHOR</String>
		<String>__MINORVERSIONNUMBER</String>
		<String>CC_DESIGN_APPROVAL(</String>
		<String>DIMENSION TEXT FONT</String>
		<String>MEASUREMENTFORMAT((</String>
		<String>MECHANICAL_CONTEXT(</String>
		<String>PRODUCT_DEFINITION(</String>
		<String>R'O'O'T' 'E'N'T'R'Y</String>
		<String>DISTANCE PRECISION</String>
		<String>LAST_ACCESSED_TIME</String>
		<String>* AUTHORISATION *</String>
		<String>* FROM STEP TOOLS</String>
		<String>AXIS1_PLACEMENT($</String>
		<String>BOOLEANVALUEPAIR(</String>
		<String>CARTESIAN_POINT($</String>
		<String>FILE_DESCRIPTION(</String>
		<String>INTEGERVALUEPAIR(</String>
		<String>M'E'S'H'_'D'A'T'A</String>
		<String>P'R'O'P'_'D'A'T'A</String>
		<String>S'T'E'P'_'D'A'T'A</String>
		<String>* ORGANIZATION *</String>
		<String>ANGLE INCREMENTS</String>
		<String>DESIGNWORKSPACE(</String>
		<String>END-ISO-10303-21</String>
		<String>END-OF-ACIS-DATA</String>
		<String>FONTDESCRIPTION(</String>
		<String>PARAMETERTABLE((</String>
		<String>SECUREOBJECTTYPE</String>
		<String>STRINGVALUEPAIR(</String>
		<String>* DESCRIPTION *</String>
		<String>ACIS BINARYFILE</String>
		<String>ANGLE PRECISION</String>
		<String>CREATION_AUTHOR</String>
		<String>DESIGN_CONTEXT(</String>
		<String>DETAILED DESIGN</String>
		<String>DISTANCE FORMAT</String>
		<String>PRODUCTVERSION(</String>
		<String>REPOSITORY GUID</String>
		<String>ST-DEVELOPER V1</String>
		<String>STEPFILEVERSION</String>
		<String>VERSION_COMMENT</String>
		<String>* TIME_STAMP *</String>
		<String>DISTANCE UNITS</String>
		<String>FILE_SCHEMA ((</String>
		<String>REALVALUEPAIR(</String>
		<String>SCHEMAVERSION(</String>
		<String>SEGMENT FORMAT</String>
		<String>ALIBRE_SCHEMA</String>
		<String>DEFAULT UNITS</String>
		<String>TOPERATION(()</String>
		<String>V'E'R'S'I'O'N</String>
		<String>VOLUME FORMAT</String>
		<String>ANGLE FORMAT</String>
		<String>ARROW LENGTH</String>
		<String>DESIGNPART($</String>
		<String>DESIGNSTATE(</String>
		<String>PERSISTENTID</String>
		<String>REFLECTIVITY</String>
		<String>TRANSFERSIZE</String>
		<String>ALIBRE INC.</String>
		<String>ANGLE UNITS</String>
		<String>ARROW STYLE</String>
		<String>ARROW WIDTH</String>
		<String>DIRECTION($</String>
		<String>* AUTHOR *</String>
		<String>ANNOTATION</String>
		<String>DIMENSIONS</String>
		<String>FILE_NAME(</String>
		<String>TEMPDESIGN</String>
		<String>AUTOGRAPH</String>
		<String>EDGECOLOR</String>
		<String>PROFILE((</String>
		<String>TEXT SIZE</String>
		<String>TIMESTAMP</String>
		<String>TOLERANCE</String>
		<String>TOTALSIZE</String>
		<String>_VERSION_</String>
		<String>* NAME *</String>
		<String>CONFIGID</String>
		<String>DIAMETER</String>
		<String>MATERIAL</String>
		<String>PRODUCT(</String>
		<String>VECTOR($</String>
		<String>DENSITY</String>
		<String>PLANE($</String>
		<String>STATEID</String>
		<String>SUBTYPE</String>
		<String>SURFACE</String>
		<String>ATTRIB</String>
		<String>CIRCLE</String>
		<String>COEDGE</String>
		<String>ENDSEC</String>
		<String>EXTENT</String>
		<String>HEADER</String>
		<String>METRIC</String>
		<String>OFFSET</String>
		<String>RADIUS</String>
		<String>SION A</String>
		<String>V3NAME</String>
		<String>VERTEX</String>
		<String>COUNT</String>
		<String>CURVE</String>
		<String>KNOWN</String>
		<String>LOCAL</String>
		<String>NTION</String>
		<String>SHELL</String>
		<String>ATOR</String>
		<String>BODY</String>
		<String>CALE</String>
		<String>COND</String>
		<String>ECON</String>
		<String>HING</String>
		<String>IGHT</String>
		<String>LDER</String>
		<String>LINE</String>
		<String>LOOP</String>
		<String>LUMP</String>
		<String>MASS</String>
		<String>ME_A</String>
		<String>OVED</String>
		<String>OVER</String>
		<String>THRU</String>
		<String>TIVE</String>
		<String>TRAI</String>
	</GlobalStrings>
</TrID>