<TrID ver="2.00">
	<Info>
		<FileType>Lavasoft Ad-Aware reference file</FileType>
		<Ext>REF</Ext>
		<ExtraInfo>
			<Rem></Rem>
			<RefURL>http://www.lavasoft.de</RefURL>
		</ExtraInfo>
		<User>Marco Pontello</User>
		<E-Mail>marcopon@gmail.com</E-Mail>
		<Home>http://mark0.net</Home>	</Info>
	<General>
		<FileNum>6</FileNum>
		<Date>
			<Year>2007</Year>
			<Month>01</Month>
			<Day>31</Day>
		</Date>
		<Time>
			<Hour>01</Hour>
			<Min>56</Min>
			<Sec>00</Sec>
		</Time>
		<Creator>TrIDScan32 v1.56</Creator>
	</General>
	<FrontBlock>
		<Pattern>
			<Bytes>501B535444505350</Bytes>
			<ASCII> P . S T D P S P</ASCII>
			<Pos>0</Pos>
		</Pattern>
	</FrontBlock>
</TrID>
