<TrID ver="2.00">
	<Info>
		<FileType>CorelCENTRAL Address Book</FileType>
		<Ext>ADB</Ext>
		<ExtraInfo>
			<Rem></Rem>
			<RefURL>http://product.corel.com/EN/WPO2002_Box/CorelTUTOR/CorelCentral/html_docs/cstart.htm</RefURL>
		</ExtraInfo>
		<User>Marco Pontello</User>
		<E-Mail>marcopon@gmail.com</E-Mail>
		<Home>http://mark0.net</Home>	</Info>
	<General>
		<FileNum>2</FileNum>
		<Date>
			<Year>2006</Year>
			<Month>09</Month>
			<Day>03</Day>
		</Date>
		<Time>
			<Hour>01</Hour>
			<Min>28</Min>
			<Sec>04</Sec>
		</Time>
		<Creator>TrIDScan32 v1.56</Creator>
	</General>
	<FrontBlock>
		<Pattern>
			<Bytes>436F72656C43454E5452414C20</Bytes>
			<ASCII> C o r e l C E N T R A L</ASCII>
			<Pos>0</Pos>
		</Pattern>
		<Pattern>
			<Bytes>204164647265737320426F6F6B</Bytes>
			<ASCII>   A d d r e s s   B o o k</ASCII>
			<Pos>15</Pos>
		</Pattern>
	</FrontBlock>
</TrID>
