<TrID ver="2.00">
	<Info>
		<FileType>Android ADB Backup</FileType>
		<Ext></Ext>
		<ExtraInfo>
			<Rem></Rem>
			<RefURL>http://en.wikipedia.org/wiki/Android_software_development#ADB</RefURL>
		</ExtraInfo>
		<User>Marco Pontello</User>
		<E-Mail>marcopon@gmail.com</E-Mail>
		<Home>http://mark0.net</Home>
	</Info>
	<General>
		<FileNum>5</FileNum>
		<Date>
			<Year>2015</Year>
			<Month>1</Month>
			<Day>23</Day>
		</Date>
		<Time>
			<Hour>15</Hour>
			<Min>16</Min>
			<Sec>33</Sec>
		</Time>
		<Creator>TrIDScan/Py v1.90</Creator>
	</General>
	<FrontBlock>
		<Pattern>
			<Bytes>414E44524F4944204241434B55500A</Bytes>
			<ASCII> A N D R O I D   B A C K U P</ASCII>
			<Pos>0</Pos>
		</Pattern>
		<Pattern>
			<Bytes>0A</Bytes>
			<Pos>16</Pos>
		</Pattern>
		<Pattern>
			<Bytes>0A</Bytes>
			<Pos>18</Pos>
		</Pattern>
	</FrontBlock>
</TrID>