<TrID ver="2.00">
	<Info>
		<FileType>EXT1 Extended Amiga Disk image File</FileType>
		<Ext>ADF</Ext>
		<Mime>application/x-amiga-disk-format</Mime>
		<ExtraInfo>
			<Rem></Rem>
			<RefURL>https://en.wikipedia.org/wiki/Amiga_Disk_File</RefURL>
		</ExtraInfo>
		<User>Marco Pontello</User>
		<E-Mail>marcopon@gmail.com</E-Mail>
		<Home>http://mark0.net</Home>
	</Info>
	<General>
		<FileNum>2</FileNum>
		<Date>
			<Year>2016</Year>
			<Month>3</Month>
			<Day>13</Day>
		</Date>
		<Time>
			<Hour>1</Hour>
			<Min>54</Min>
			<Sec>22</Sec>
		</Time>
		<Creator>TrIDScan/Py v2.02</Creator>
	</General>
	<FrontBlock>
		<Pattern>
			<Bytes>5541452D2D414446</Bytes>
			<ASCII> U A E - - A D F</ASCII>
			<Pos>0</Pos>
		</Pattern>
	</FrontBlock>
</TrID>