<TrID ver="2.00">
	<Info>
		<FileType>Auto-lead Data Format</FileType>
		<Ext>XML/ADF</Ext>
		<Mime>application/octet-stream</Mime>
		<ExtraInfo>
			<Rem></Rem>
			<RefURL>https://en.wikipedia.org/wiki/Auto-lead_Data_Format</RefURL>
		</ExtraInfo>
		<User>Marco Pontello</User>
		<E-Mail>marcopon@gmail.com</E-Mail>
		<Home>http://mark0.net</Home>
	</Info>
	<General>
		<FileNum>4</FileNum>
		<CheckStrings>True</CheckStrings>
		<Date>
			<Year>2016</Year>
			<Month>3</Month>
			<Day>13</Day>
		</Date>
		<Time>
			<Hour>1</Hour>
			<Min>58</Min>
			<Sec>16</Sec>
		</Time>
		<Creator>TrIDScan/Py v2.02</Creator>
	</General>
	<FrontBlock>
		<Pattern>
			<Bytes>3C3F786D6C2076657273696F6E3D22312E3022</Bytes>
			<ASCII> . ? x m l   v e r s i o n = " 1 . 0 "</ASCII>
			<Pos>0</Pos>
		</Pattern>
	</FrontBlock>
	<GlobalStrings>
		<String>ADF VERSION</String>
		<String>XML VERSION</String>
		<String>NAME PART</String>
		<String>CUSTOMER</String>
		<String>PROSPECT</String>
		<String>CONTACT</String>
		<String>VEHICLE</String>
		<String>VENDOR</String>
		<String>EMAIL</String>
		<String>FIRST</String>
		<String>MODEL</String>
		<String>PHONE</String>
		<String>FULL</String>
		<String>LAST</String>
		<String>MAKE</String>
		<String>YEAR</String>
	</GlobalStrings>
</TrID>