<TrID ver="2.00">
	<Info>
		<FileType>Addict compiled dictionary</FileType>
		<Ext>ADM</Ext>
		<ExtraInfo>
			<Rem></Rem>
			<RefURL>http://www.addictivesoftware.com/</RefURL>
		</ExtraInfo>
		<User>Marco Pontello</User>
		<E-Mail>marcopon@gmail.com</E-Mail>
		<Home>http://mark0.net</Home>
	</Info>
	<General>
		<FileNum>14</FileNum>
		<Date>
			<Year>2008</Year>
			<Month>11</Month>
			<Day>25</Day>
		</Date>
		<Time>
			<Hour>03</Hour>
			<Min>33</Min>
			<Sec>10</Sec>
		</Time>
		<Creator>TrIDScan32 v1.56</Creator>
	</General>
	<FrontBlock>
		<Pattern>
			<Bytes>4164646963742044696374696F6E61727920436F6D70696C65722C2056657273696F6E20</Bytes>
			<ASCII> A d d i c t   D i c t i o n a r y   C o m p i l e r ,   V e r s i o n</ASCII>
			<Pos>0</Pos>
		</Pattern>
		<Pattern>
			<Bytes>2E</Bytes>
			<Pos>37</Pos>
		</Pattern>
	</FrontBlock>
</TrID>
