<TrID ver="2.00">
	<Info>
		<FileType>Adobe Portable Document Format</FileType>
		<Ext>PDF</Ext>
		<Mime>application/pdf</Mime>
		<ExtraInfo>
			<Rem></Rem>
			<RefURL>http://en.wikipedia.org/wiki/Pdf</RefURL>
		</ExtraInfo>
		<User>Marco Pontello</User>
		<E-Mail>marcopon@gmail.com</E-Mail>
		<Home>http://mark0.net</Home>
	</Info>
	<General>
		<FileNum>19</FileNum>
		<Refine>1 by Marco Pontello</Refine>
		<Date>
			<Year>2017</Year>
			<Month>1</Month>
			<Day>14</Day>
		</Date>
		<Time>
			<Hour>21</Hour>
			<Min>5</Min>
			<Sec>30</Sec>
		</Time>
		<Creator>TrIDScan/Py v2.02</Creator>
	</General>
	<FrontBlock>
		<Pattern>
			<Bytes>255044462D</Bytes>
			<ASCII> % P D F -</ASCII>
			<Pos>0</Pos>
		</Pattern>
	</FrontBlock>
</TrID>