<TrID ver="2.00">
	<Info>
		<FileType>ADrum drumkit</FileType>
		<Ext></Ext>
		<Mime>application/octet-stream</Mime>
		<ExtraInfo>
			<Rem>Amiga drum machine.</Rem>
			<RefURL>http://www.amigafuture.de/asd.php?asd_id=1602</RefURL>
		</ExtraInfo>
		<User>Marco Pontello</User>
		<E-Mail>marcopon@gmail.com</E-Mail>
		<Home>http://mark0.net</Home>
	</Info>
	<General>
		<FileNum>8</FileNum>
		<Date>
			<Year>2016</Year>
			<Month>11</Month>
			<Day>3</Day>
		</Date>
		<Time>
			<Hour>23</Hour>
			<Min>21</Min>
			<Sec>31</Sec>
		</Time>
		<Creator>TrIDScan/Py v2.02</Creator>
	</General>
	<FrontBlock>
		<Pattern>
			<Bytes>464F524D</Bytes>
			<ASCII> F O R M</ASCII>
			<Pos>0</Pos>
		</Pattern>
		<Pattern>
			<Bytes>444B49544B484452</Bytes>
			<ASCII> D K I T K H D R</ASCII>
			<Pos>8</Pos>
		</Pattern>
		<Pattern>
			<Bytes>424F4459</Bytes>
			<ASCII> B O D Y</ASCII>
			<Pos>24</Pos>
		</Pattern>
	</FrontBlock>
</TrID>