<TrID ver="2.00">
	<Info>
		<FileType>Advantage Data Server table</FileType>
		<Ext>ADT</Ext>
		<ExtraInfo>
			<Rem></Rem>
			<RefURL>http://www.advantagedatabase.com</RefURL>
		</ExtraInfo>
		<User>Marco Pontello</User>
		<E-Mail>marcopon@gmail.com</E-Mail>
		<Home>http://mark0.net</Home>	</Info>
	<General>
		<FileNum>4</FileNum>
		<Date>
			<Year>2007</Year>
			<Month>05</Month>
			<Day>03</Day>
		</Date>
		<Time>
			<Hour>17</Hour>
			<Min>21</Min>
			<Sec>23</Sec>
		</Time>
		<Creator>TrIDScan32 v1.56</Creator>
	</General>
	<FrontBlock>
		<Pattern>
			<Bytes>416476616E74616765205461626C65</Bytes>
			<ASCII> A d v a n t a g e   T a b l e</ASCII>
			<Pos>0</Pos>
		</Pattern>
	</FrontBlock>
</TrID>
