<TrID ver="2.00">
	<Info>
		<FileType>Addict User Dictionary</FileType>
		<Ext>ADU</Ext>
		<ExtraInfo>
			<Rem></Rem>
			<RefURL>http://www.addictivesoftware.com/</RefURL>
		</ExtraInfo>
		<User>Marco Pontello</User>
		<E-Mail>marcopon@gmail.com</E-Mail>
		<Home>http://mark0.net</Home>	</Info>
	<General>
		<FileNum>2</FileNum>
		<Date>
			<Year>2007</Year>
			<Month>04</Month>
			<Day>20</Day>
		</Date>
		<Time>
			<Hour>18</Hour>
			<Min>20</Min>
			<Sec>08</Sec>
		</Time>
		<Creator>TrIDScan32 v1.56</Creator>
	</General>
	<FrontBlock>
		<Pattern>
			<Bytes>41646469637420557365722044696374696F6E6172792C2056657273696F6E20</Bytes>
			<ASCII> A d d i c t   U s e r	D i c t i o n a r y ,	V e r s i o n</ASCII>
			<Pos>0</Pos>
		</Pattern>
		<Pattern>
			<Bytes>2E</Bytes>
			<Pos>33</Pos>
		</Pattern>
	</FrontBlock>
</TrID>
