<TrID ver="2.00">
	<Info>
		<FileType>Advantage spreadsheet</FileType>
		<Ext>ADV</Ext>
		<Mime>application/octet-stream</Mime>
		<ExtraInfo>
			<Rem>Amiga spreadsheet by Gold Disk Inc.</Rem>
			<RefURL></RefURL>
		</ExtraInfo>
		<User>Marco Pontello</User>
		<E-Mail>marcopon@gmail.com</E-Mail>
		<Home>http://mark0.net</Home>
	</Info>
	<General>
		<FileNum>26</FileNum>
		<Date>
			<Year>2016</Year>
			<Month>11</Month>
			<Day>4</Day>
		</Date>
		<Time>
			<Hour>0</Hour>
			<Min>12</Min>
			<Sec>15</Sec>
		</Time>
		<Creator>TrIDScan/Py v2.02</Creator>
	</General>
	<FrontBlock>
		<Pattern>
			<Bytes>04F404F404F404F404F404F404F404F404F404F4000400</Bytes>
			<Pos>0</Pos>
		</Pattern>
	</FrontBlock>
</TrID>