<TrID ver="2.00">
	<Info>
		<FileType>Miles Sound System real mode drivers</FileType>
		<Ext>ADV</Ext>
		<Mime>application/octet-stream</Mime>
		<ExtraInfo>
			<Rem></Rem>
			<RefURL>https://en.wikipedia.org/wiki/Miles_Sound_System</RefURL>
		</ExtraInfo>
		<User>Marco Pontello</User>
		<E-Mail>marcopon@gmail.com</E-Mail>
		<Home>http://mark0.net</Home>
	</Info>
	<General>
		<FileNum>19</FileNum>
		<Date>
			<Year>2016</Year>
			<Month>10</Month>
			<Day>14</Day>
		</Date>
		<Time>
			<Hour>20</Hour>
			<Min>53</Min>
			<Sec>7</Sec>
		</Time>
		<Creator>TrIDScan/Py v2.02</Creator>
	</General>
	<FrontBlock>
		<Pattern>
			<Bytes>00436F70797269676874202843292031393931</Bytes>
			<ASCII> . C o p y r i g h t   ( C )   1 9 9 1</ASCII>
			<Pos>1</Pos>
		</Pattern>
		<Pattern>
			<Bytes>204D696C6573</Bytes>
			<ASCII>   M i l e s</ASCII>
			<Pos>25</Pos>
		</Pattern>
	</FrontBlock>
</TrID>