<TrID ver="2.00">
	<Info>
		<FileType>Lotus Approach database index</FileType>
		<Ext>ADX</Ext>
		<ExtraInfo>
			<Rem></Rem>
			<RefURL></RefURL>
		</ExtraInfo>
		<User>Marco Pontello</User>
		<E-Mail>marcopon@gmail.com</E-Mail>
		<Home>http://mark0.net</Home>	</Info>
	<General>
		<FileNum>8</FileNum>
		<CheckStrings>True</CheckStrings>
		<Date>
			<Year>2007</Year>
			<Month>05</Month>
			<Day>15</Day>
		</Date>
		<Time>
			<Hour>11</Hour>
			<Min>54</Min>
			<Sec>07</Sec>
		</Time>
		<Creator>TrIDScan32 v1.56</Creator>
	</General>
	<FrontBlock>
		<Pattern>
			<Bytes>0300000041505052</Bytes>
			<ASCII> . . . . A P P R</ASCII>
			<Pos>0</Pos>
		</Pattern>
		<Pattern>
			<Bytes>656E75</Bytes>
			<ASCII> e n u</ASCII>
			<Pos>84</Pos>
		</Pattern>
	</FrontBlock>
</TrID>
