<TrID ver="2.00">
	<Info>
		<FileType>CA Visual Object Application Export File</FileType>
		<Ext>AEF</Ext>
		<ExtraInfo>
			<Rem></Rem>
			<RefURL>http://www.cavo.com/</RefURL>
		</ExtraInfo>
		<User>Marco Pontello</User>
		<E-Mail>marcopon@gmail.com</E-Mail>
		<Home>http://mark0.net</Home>
	</Info>
	<General>
		<FileNum>27</FileNum>
		<Refine>6 by Marco Pontello</Refine>
		<CheckStrings>True</CheckStrings>
		<Date>
			<Year>2010</Year>
			<Month>10</Month>
			<Day>23</Day>
		</Date>
		<Time>
			<Hour>15</Hour>
			<Min>14</Min>
			<Sec>34</Sec>
		</Time>
		<Creator>TrIDScan32 v1.56</Creator>
	</General>
	<FrontBlock>
		<Pattern>
			<Bytes>010020000000800243412D564F204170706C69636174696F6E204578706F72742046696C65</Bytes>
			<ASCII> . .   . . . . . C A - V O   A p p l i c a t i o n   E x p o r t   F i l e</ASCII>
			<Pos>0</Pos>
		</Pattern>
	</FrontBlock>
	<GlobalStrings>
		<String>CA-VO APPLICATION EXPORT FILE</String>
		<String>APPLICATIONS</String>
	</GlobalStrings>
</TrID>
