<TrID ver="2.00">
	<Info>
		<FileType>Aegis Draw drawing</FileType>
		<Ext></Ext>
		<Mime>text/plain</Mime>
		<ExtraInfo>
			<Rem>Amiga vector drawing application.</Rem>
			<RefURL>https://archive.org/details/Inside_Aegis_Draw_1986_Aegis_Development_first_edition</RefURL>
		</ExtraInfo>
		<User>Marco Pontello</User>
		<E-Mail>marcopon@gmail.com</E-Mail>
		<Home>http://mark0.net</Home>
	</Info>
	<General>
		<FileNum>15</FileNum>
		<Date>
			<Year>2016</Year>
			<Month>11</Month>
			<Day>3</Day>
		</Date>
		<Time>
			<Hour>21</Hour>
			<Min>36</Min>
			<Sec>36</Sec>
		</Time>
		<Creator>TrIDScan/Py v2.02</Creator>
	</General>
	<FrontBlock>
		<Pattern>
			<Bytes>383130383620</Bytes>
			<ASCII> 8 1 0 8 6</ASCII>
			<Pos>0</Pos>
		</Pattern>
	</FrontBlock>
</TrID>