<TrID ver="2.00">
	<Info>
		<FileType>After Effects Project</FileType>
		<Ext>AEP</Ext>
		<Mime>application/octet-stream</Mime>
		<ExtraInfo>
			<Rem></Rem>
			<RefURL>http://en.wikipedia.org/wiki/Adobe_After_Effects</RefURL>
		</ExtraInfo>
		<User>Marco Pontello</User>
		<E-Mail>marcopon@gmail.com</E-Mail>
		<Home>http://mark0.net</Home>
	</Info>
	<General>
		<FileNum>25</FileNum>
		<Refine>5 by Marco Pontello</Refine>
		<CheckStrings>True</CheckStrings>
		<Date>
			<Year>2015</Year>
			<Month>12</Month>
			<Day>24</Day>
		</Date>
		<Time>
			<Hour>17</Hour>
			<Min>57</Min>
			<Sec>9</Sec>
		</Time>
		<Creator>TrIDScan/Py v2.02</Creator>
	</General>
	<FrontBlock>
		<Pattern>
			<Bytes>52494658</Bytes>
			<ASCII> R I F X</ASCII>
			<Pos>0</Pos>
		</Pattern>
		<Pattern>
			<Bytes>45676721</Bytes>
			<ASCII> E g g !</ASCII>
			<Pos>8</Pos>
		</Pattern>
	</FrontBlock>
	<GlobalStrings>
		<String>ADBE GROUP END</String>
		<String>JTDGPTDSB</String>
		<String>TRANSFORM</String>
		<String>CLAYLDTA</String>
		<String>FOLDFDTA</String>
		<String>GIDEGDTA</String>
		<String>ITEMIDTA</String>
		<String>LITMLIST</String>
		<String>LRDRRHED</String>
		<String>LSIFACSI</String>
		<String>LSIFAFSI</String>
		<String>LSIFARSI</String>
		<String>ORIGINAL</String>
		<String>PRINPRIN</String>
		<String>SLAYLDTA</String>
		<String>TDBSTDSB</String>
		<String>LISTLHD</String>
		<String>OPACITY</String>
		<String>OPTIONS</String>
		<String>ADBE E</String>
		<String>EFFECT</String>
		<String>STLIST</String>
		<String>TATION</String>
		<String>BLEND</String>
		<String>EWSTF</String>
		<String>FRONT</String>
		<String>POINT</String>
		<String>ROTAT</String>
		<String>SCALE</String>
		<String>SOLID</String>
		<String>BACK</String>
		<String>CDAT</String>
		<String>CDTA</String>
		<String>COMP</String>
		<String>FIFL</String>
		<String>GLOW</String>
		<String>HEAD</String>
		<String>IGHT</String>
		<String>LINE</String>
		<String>NHED</String>
		<String>OTLN</String>
		<String>PRDA</String>
		<String>RADI</String>
		<String>RIFX</String>
		<String>ROUT</String>
		<String>TDB4</String>
		<String>TDMN</String>
		<String>TDSN</String>
		<String>TDUM</String>
		<String>VIEW</String>
	</GlobalStrings>
</TrID>