<TrID ver="2.00">
	<Info>
		<FileType>Aero Studio song</FileType>
		<Ext>AERO</Ext>
		<Mime>application/octet-stream</Mime>
		<ExtraInfo>
			<Rem></Rem>
			<RefURL>http://www.kvraudio.com/product/aero-studio-by-ioneo</RefURL>
		</ExtraInfo>
		<User>Marco Pontello</User>
		<E-Mail>marcopon@gmail.com</E-Mail>
		<Home>http://mark0.net</Home>
	</Info>
	<General>
		<FileNum>17</FileNum>
		<Refine>1 by Marco Pontello</Refine>
		<Date>
			<Year>2015</Year>
			<Month>4</Month>
			<Day>5</Day>
		</Date>
		<Time>
			<Hour>0</Hour>
			<Min>34</Min>
			<Sec>34</Sec>
		</Time>
		<Creator>TrIDScan/Py v2.01</Creator>
	</General>
	<FrontBlock>
		<Pattern>
			<Bytes>4145524F00000001</Bytes>
			<ASCII> A E R O</ASCII>
			<Pos>0</Pos>
		</Pattern>
	</FrontBlock>
</TrID>