<TrID ver="2.00">
	<Info>
		<FileType>AES Crypt encrypted</FileType>
		<Ext>AES</Ext>
		<ExtraInfo>
			<Rem></Rem>
			<RefURL>http://www.aescrypt.com/</RefURL>
		</ExtraInfo>
		<User>Marco Pontello</User>
		<E-Mail>marcopon@gmail.com</E-Mail>
		<Home>http://mark0.net</Home>
	</Info>
	<General>
		<FileNum>3</FileNum>
		<Date>
			<Year>2012</Year>
			<Month>11</Month>
			<Day>9</Day>
		</Date>
		<Time>
			<Hour>13</Hour>
			<Min>1</Min>
			<Sec>8</Sec>
		</Time>
		<Creator>TrIDScan/Py v1.80</Creator>
	</General>
	<FrontBlock>
		<Pattern>
			<Bytes>41455302</Bytes>
			<ASCII> A E S</ASCII>
			<Pos>0</Pos>
		</Pattern>
	</FrontBlock>
</TrID>