<TrID ver="2.00">
	<Info>
		<FileType>AYFX Editor Bank</FileType>
		<Ext>AFB</Ext>
		<Mime>application/octet-stream</Mime>
		<ExtraInfo>
			<Rem></Rem>
			<RefURL></RefURL>
		</ExtraInfo>
		<User>Marco Pontello</User>
		<E-Mail>marcopon@gmail.com</E-Mail>
		<Home>http://mark0.net</Home>
	</Info>
	<General>
		<FileNum>4</FileNum>
		<Date>
			<Year>2015</Year>
			<Month>12</Month>
			<Day>22</Day>
		</Date>
		<Time>
			<Hour>22</Hour>
			<Min>24</Min>
			<Sec>40</Sec>
		</Time>
		<Creator>TrIDScan/Py v2.02</Creator>
	</General>
	<FrontBlock>
		<Pattern>
			<Bytes>020300</Bytes>
			<Pos>0</Pos>
		</Pattern>
	</FrontBlock>
</TrID>