<TrID ver="2.00">
	<Info>
		<FileType>Affinity Design document</FileType>
		<Ext>AFDESIGN</Ext>
		<ExtraInfo>
			<Rem></Rem>
			<RefURL>https://affinity.serif.com/</RefURL>
		</ExtraInfo>
		<User>Marco Pontello</User>
		<E-Mail>marcopon@gmail.com</E-Mail>
		<Home>http://mark0.net</Home>
	</Info>
	<General>
		<FileNum>10</FileNum>
		<Date>
			<Year>2014</Year>
			<Month>11</Month>
			<Day>25</Day>
		</Date>
		<Time>
			<Hour>18</Hour>
			<Min>8</Min>
			<Sec>54</Sec>
		</Time>
		<Creator>TrIDScan/Py v1.90</Creator>
	</General>
	<FrontBlock>
		<Pattern>
			<Bytes>00FF4B41080000006E73725023496E66</Bytes>
			<ASCII> . . K A . . . . n s r P # I n f</ASCII>
			<Pos>0</Pos>
		</Pattern>
		<Pattern>
			<Bytes>000050726F74</Bytes>
			<ASCII> . . P r o t</ASCII>
			<Pos>62</Pos>
		</Pattern>
		<Pattern>
			<Bytes>00002346696C7801</Bytes>
			<ASCII> . . # F i l x</ASCII>
			<Pos>70</Pos>
		</Pattern>
	</FrontBlock>
</TrID>