<TrID ver="2.00">
	<Info>
		<FileType>Advanced Forensic Format image</FileType>
		<Ext>AFF</Ext>
		<Mime>application/octet-stream</Mime>
		<ExtraInfo>
			<Rem></Rem>
			<RefURL>http://www.forensicswiki.org/wiki/AFF</RefURL>
		</ExtraInfo>
		<User>Marco Pontello</User>
		<E-Mail>marcopon@gmail.com</E-Mail>
		<Home>http://mark0.net</Home>
	</Info>
	<General>
		<FileNum>5</FileNum>
		<Date>
			<Year>2016</Year>
			<Month>3</Month>
			<Day>7</Day>
		</Date>
		<Time>
			<Hour>19</Hour>
			<Min>57</Min>
			<Sec>26</Sec>
		</Time>
		<Creator>TrIDScan/Py v2.02</Creator>
	</General>
	<FrontBlock>
		<Pattern>
			<Bytes>41464600</Bytes>
			<ASCII> A F F</ASCII>
			<Pos>0</Pos>
		</Pattern>
	</FrontBlock>
</TrID>