<TrID ver="2.00">
	<Info>
		<FileType>Affix file</FileType>
		<Ext>AFF</Ext>
		<ExtraInfo>
			<Rem></Rem>
			<RefURL></RefURL>
		</ExtraInfo>
		<User>Marco Pontello</User>
		<E-Mail>marcopon@gmail.com</E-Mail>
		<Home>http://mark0.net</Home>
	</Info>
	<General>
		<FileNum>7</FileNum>
		<Date>
			<Year>2008</Year>
			<Month>05</Month>
			<Day>07</Day>
		</Date>
		<Time>
			<Hour>01</Hour>
			<Min>47</Min>
			<Sec>28</Sec>
		</Time>
		<Creator>TrIDScan32 v1.56</Creator>
	</General>
	<FrontBlock>
		<Pattern>
			<Bytes>53455420</Bytes>
			<ASCII> S E T</ASCII>
			<Pos>0</Pos>
		</Pattern>
	</FrontBlock>
</TrID>
