<TrID ver="2.00">
	<Info>
		<FileType>X-Plane Airfoils</FileType>
		<Ext>AFL</Ext>
		<ExtraInfo>
			<Rem></Rem>
			<RefURL>http://www.x-plane.com</RefURL>
		</ExtraInfo>
		<User>Marco Pontello</User>
		<E-Mail>marcopon@gmail.com</E-Mail>
		<Home>http://mark0.net</Home>
	</Info>
	<General>
		<FileNum>52</FileNum>
		<Refine>8 by Marco Pontello</Refine>
		<CheckStrings>True</CheckStrings>
		<Date>
			<Year>2004</Year>
			<Month>12</Month>
			<Day>01</Day>
		</Date>
		<Time>
			<Hour>01</Hour>
			<Min>42</Min>
			<Sec>48</Sec>
		</Time>
		<Creator>TrIDScan32 v1.56</Creator>
	</General>
	<FrontBlock>
		<Pattern>
			<Bytes>0D</Bytes>
			<Pos>1</Pos>
		</Pattern>
	</FrontBlock>
	<GlobalStrings>
		<String>DEVICE TYPE CODE</String>
		<String>-0.00000</String>
	</GlobalStrings>
</TrID>
