<TrID ver="2.00">
	<Info>
		<FileType>ABC FlowCharter shapes Palette</FileType>
		<Ext>AFP</Ext>
		<Mime>application/octet-stream</Mime>
		<ExtraInfo>
			<Rem></Rem>
			<RefURL>https://en.wikipedia.org/wiki/ABC_FlowCharter</RefURL>
		</ExtraInfo>
		<User>Marco Pontello</User>
		<E-Mail>marcopon@gmail.com</E-Mail>
		<Home>http://mark0.net</Home>
	</Info>
	<General>
		<FileNum>25</FileNum>
		<Date>
			<Year>2016</Year>
			<Month>10</Month>
			<Day>20</Day>
		</Date>
		<Time>
			<Hour>0</Hour>
			<Min>17</Min>
			<Sec>19</Sec>
		</Time>
		<Creator>TrIDScan/Py v2.02</Creator>
	</General>
	<FrontBlock>
		<Pattern>
			<Bytes>0018004A464F</Bytes>
			<ASCII> . . . J F O</ASCII>
			<Pos>0</Pos>
		</Pattern>
	</FrontBlock>
</TrID>