<TrID ver="2.00">
	<Info>
		<FileType>ABC FlowCharter Workspace</FileType>
		<Ext>AFW</Ext>
		<Mime>application/octet-stream</Mime>
		<ExtraInfo>
			<Rem></Rem>
			<RefURL>https://en.wikipedia.org/wiki/ABC_FlowCharter</RefURL>
		</ExtraInfo>
		<User>Marco Pontello</User>
		<E-Mail>marcopon@gmail.com</E-Mail>
		<Home>http://mark0.net</Home>
	</Info>
	<General>
		<FileNum>6</FileNum>
		<CheckStrings>True</CheckStrings>
		<Date>
			<Year>2017</Year>
			<Month>3</Month>
			<Day>24</Day>
		</Date>
		<Time>
			<Hour>3</Hour>
			<Min>33</Min>
			<Sec>34</Sec>
		</Time>
		<Creator>TrIDScan/Py v2.02</Creator>
	</General>
	<FrontBlock>
		<Pattern>
			<Bytes>0018004A464F00001BDE2D</Bytes>
			<ASCII> . . . J F O . . . . -</ASCII>
			<Pos>0</Pos>
		</Pattern>
	</FrontBlock>
	<GlobalStrings>
		<String>.AF3</String>
		<String>.AFW</String>
	</GlobalStrings>
</TrID>