<TrID ver="2.00">
	<Info>
		<FileType>Lotus Agenda database</FileType>
		<Ext>AG</Ext>
		<Mime>application/octet-stream</Mime>
		<ExtraInfo>
			<Rem></Rem>
			<RefURL>http://en.wikipedia.org/wiki/Lotus_Agenda</RefURL>
		</ExtraInfo>
		<User>Marco Pontello</User>
		<E-Mail>marcopon@gmail.com</E-Mail>
		<Home>http://mark0.net</Home>
	</Info>
	<General>
		<FileNum>16</FileNum>
		<CheckStrings>True</CheckStrings>
		<Date>
			<Year>2015</Year>
			<Month>5</Month>
			<Day>10</Day>
		</Date>
		<Time>
			<Hour>16</Hour>
			<Min>26</Min>
			<Sec>7</Sec>
		</Time>
		<Creator>TrIDScan/Py v2.01</Creator>
	</General>
	<FrontBlock>
		<Pattern>
			<Bytes>5400</Bytes>
			<ASCII> T</ASCII>
			<Pos>0</Pos>
		</Pattern>
		<Pattern>
			<Bytes>00000000ABABABABABABABABABABABAB</Bytes>
			<Pos>39</Pos>
		</Pattern>
	</FrontBlock>
	<GlobalStrings>
		<String>CIRCULAR REFERENCE</String>
		<String>CURRENT ALARMS</String>
		<String>PAST ALARMS</String>
		<String>AVERAGE</String>
		<String>MAXIMUM</String>
		<String>MINIMUM</String>
		<String>COUNT</String>
		<String>LINKS</String>
		<String>TOTAL</String>
		<String>TRASH</String>
		<String>.STF</String>
		<String>DONE</String>
		<String>MAIN</String>
		<String>THER</String>
		<String>VIEW</String>
		<String>WHEN</String>
	</GlobalStrings>
</TrID>