<TrID ver="2.00">
	<Info>
		<FileType>Psion S3a/3c/Siena Agenda</FileType>
		<Ext>AGN</Ext>
		<Mime>application/octet-stream</Mime>
		<ExtraInfo>
			<Rem></Rem>
			<RefURL>http://www.davros.org/psion/psionics/agenda3a.fmt</RefURL>
		</ExtraInfo>
		<User>Marco Pontello</User>
		<E-Mail>marcopon@gmail.com</E-Mail>
		<Home>http://mark0.net</Home>
	</Info>
	<General>
		<FileNum>2</FileNum>
		<Date>
			<Year>2016</Year>
			<Month>11</Month>
			<Day>12</Day>
		</Date>
		<Time>
			<Hour>23</Hour>
			<Min>23</Min>
			<Sec>50</Sec>
		</Time>
		<Creator>TrIDScan/Py v2.02</Creator>
	</General>
	<FrontBlock>
		<Pattern>
			<Bytes>4167656E646146696C65547970652A</Bytes>
			<ASCII> A g e n d a F i l e T y p e *</ASCII>
			<Pos>0</Pos>
		</Pattern>
	</FrontBlock>
</TrID>