<TrID ver="2.00">
	<Info>
		<FileType>agora bytecode</FileType>
		<Ext></Ext>
		<Mime>application/octet-stream</Mime>
		<ExtraInfo>
			<Rem>A dynamically typed, garbage collected, embeddable programming language.</Rem>
			<RefURL>https://github.com/PuerkitoBio/agora</RefURL>
		</ExtraInfo>
		<User>Marco Pontello</User>
		<E-Mail>marcopon@gmail.com</E-Mail>
		<Home>http://mark0.net</Home>
	</Info>
	<General>
		<FileNum>3</FileNum>
		<Date>
			<Year>2017</Year>
			<Month>2</Month>
			<Day>18</Day>
		</Date>
		<Time>
			<Hour>3</Hour>
			<Min>21</Min>
			<Sec>59</Sec>
		</Time>
		<Creator>TrIDScan/Py v2.02</Creator>
	</General>
	<FrontBlock>
		<Pattern>
			<Bytes>2A600A00</Bytes>
			<ASCII> * `</ASCII>
			<Pos>0</Pos>
		</Pattern>
	</FrontBlock>
</TrID>