<TrID ver="2.00">
	<Info>
		<FileType>Adventure Game Toolkit game package</FileType>
		<Ext>ZIP</Ext>
		<ExtraInfo>
			<Rem></Rem>
			<RefURL>http://en.wikipedia.org/wiki/Adventure_Game_Toolkit</RefURL>
		</ExtraInfo>
		<User>Marco Pontello</User>
		<E-Mail>marcopon@gmail.com</E-Mail>
		<Home>http://mark0.net</Home>
	</Info>
	<General>
		<FileNum>23</FileNum>
		<CheckStrings>True</CheckStrings>
		<Date>
			<Year>2014</Year>
			<Month>3</Month>
			<Day>21</Day>
		</Date>
		<Time>
			<Hour>14</Hour>
			<Min>55</Min>
			<Sec>48</Sec>
		</Time>
		<Creator>TrIDScan/Py v1.90</Creator>
	</General>
	<FrontBlock>
		<Pattern>
			<Bytes>504B0304</Bytes>
			<ASCII> P K</ASCII>
			<Pos>0</Pos>
		</Pattern>
	</FrontBlock>
	<GlobalStrings>
		<String>.D$$PK</String>
		<String>.DA1PK</String>
		<String>.DA2PK</String>
		<String>.DA3PK</String>
	</GlobalStrings>
</TrID>