<TrID ver="2.00">
	<Info>
		<FileType>Adobe Photoshop Lightroom template</FileType>
		<Ext>AGTEMPLATE</Ext>
		<ExtraInfo>
			<Rem></Rem>
			<RefURL>http://en.wikipedia.org/wiki/Lightroom</RefURL>
		</ExtraInfo>
		<User>Marco Pontello</User>
		<E-Mail>marcopon@gmail.com</E-Mail>
		<Home>http://mark0.net</Home>
	</Info>
	<General>
		<FileNum>6</FileNum>
		<CheckStrings>True</CheckStrings>
		<Date>
			<Year>2014</Year>
			<Month>7</Month>
			<Day>10</Day>
		</Date>
		<Time>
			<Hour>1</Hour>
			<Min>53</Min>
			<Sec>24</Sec>
		</Time>
		<Creator>TrIDScan/Py v1.90</Creator>
	</General>
	<FrontBlock>
		<Pattern>
			<Bytes>73203D207B</Bytes>
			<ASCII> s   =   {</ASCII>
			<Pos>0</Pos>
		</Pattern>
	</FrontBlock>
	<GlobalStrings>
		<String>WHITEBALANCE</String>
		<String>SETTINGS</String>
		<String>DEVELOP</String>
		<String>TITLE</String>
		<String>VALUE</String>
		<String>AUTO</String>
		<String>TYPE</String>
		<String>UUID</String>
	</GlobalStrings>
</TrID>