<TrID ver="2.00">
	<Info>
		<FileType>Adventure Game eXecutable</FileType>
		<Ext>AGX</Ext>
		<ExtraInfo>
			<Rem></Rem>
			<RefURL>http://en.wikipedia.org/wiki/Adventure_Game_Toolkit</RefURL>
		</ExtraInfo>
		<User>Marco Pontello</User>
		<E-Mail>marcopon@gmail.com</E-Mail>
		<Home>http://mark0.net</Home>
	</Info>
	<General>
		<FileNum>6</FileNum>
		<CheckStrings>True</CheckStrings>
		<Date>
			<Year>2014</Year>
			<Month>3</Month>
			<Day>21</Day>
		</Date>
		<Time>
			<Hour>16</Hour>
			<Min>9</Min>
			<Sec>17</Sec>
		</Time>
		<Creator>TrIDScan/Py v1.90</Creator>
	</General>
	<FrontBlock>
		<Pattern>
			<Bytes>58C7C15152</Bytes>
			<ASCII> X . . Q R</ASCII>
			<Pos>0</Pos>
		</Pattern>
	</FrontBlock>
</TrID>