<TrID ver="2.00">
	<Info>
		<FileType>Adobe Illustrator Action</FileType>
		<Ext>AIA</Ext>
		<Mime>text/plain</Mime>
		<ExtraInfo>
			<Rem></Rem>
			<RefURL>https://en.wikipedia.org/wiki/Adobe_Illustrator</RefURL>
		</ExtraInfo>
		<User>Marco Pontello</User>
		<E-Mail>marcopon@gmail.com</E-Mail>
		<Home>http://mark0.net</Home>
	</Info>
	<General>
		<FileNum>28</FileNum>
		<CheckStrings>True</CheckStrings>
		<Date>
			<Year>2017</Year>
			<Month>1</Month>
			<Day>14</Day>
		</Date>
		<Time>
			<Hour>2</Hour>
			<Min>37</Min>
			<Sec>38</Sec>
		</Time>
		<Creator>TrIDScan/Py v2.02</Creator>
	</General>
	<FrontBlock>
		<Pattern>
			<Bytes>2F76657273696F6E20</Bytes>
			<ASCII> / v e r s i o n</ASCII>
			<Pos>0</Pos>
		</Pattern>
	</FrontBlock>
	<GlobalStrings>
		<String>INTERNALNAME (</String>
		<String>PARAMETERCOUNT</String>
		<String>LOCALIZEDNAME</String>
		<String>PARAMETER-1 {</String>
		<String>ACTIONCOUNT</String>
		<String>ACTION-1 {</String>
		<String>COLORINDEX</String>
		<String>EVENTCOUNT</String>
		<String>EVENT-1 {</String>
		<String>HASDIALOG</String>
		<String>KEYINDEX</String>
		<String>VERSION</String>
		<String>ISON 1</String>
		<String>ISOPEN</String>
		<String>TYPE (</String>
		<String>KEY 1</String>
		<String>VALUE</String>
		<String>SHOW</String>
	</GlobalStrings>
</TrID>