<TrID ver="2.00">
	<Info>
		<FileType>App Inventor for Android project</FileType>
		<Ext>AIA</Ext>
		<ExtraInfo>
			<Rem>App Inventor is an open-source web application maintained by the MIT.</Rem>
			<RefURL>http://en.wikipedia.org/wiki/App_Inventor_for_Android</RefURL>
		</ExtraInfo>
		<User>Marco Pontello</User>
		<E-Mail>marcopon@gmail.com</E-Mail>
		<Home>http://mark0.net</Home>
	</Info>
	<General>
		<FileNum>10</FileNum>
		<CheckStrings>True</CheckStrings>
		<Date>
			<Year>2014</Year>
			<Month>12</Month>
			<Day>22</Day>
		</Date>
		<Time>
			<Hour>16</Hour>
			<Min>49</Min>
			<Sec>4</Sec>
		</Time>
		<Creator>TrIDScan/Py v1.90</Creator>
	</General>
	<FrontBlock>
		<Pattern>
			<Bytes>504B0304</Bytes>
			<ASCII> P K</ASCII>
			<Pos>0</Pos>
		</Pattern>
	</FrontBlock>
	<GlobalStrings>
		<String>PROJECT.PROPERTIESPK</String>
		<String>YOUNGANDROIDPROJECT</String>
		<String>SCREEN1.YAILPK</String>
		<String>SCREEN1.BKYPK</String>
		<String>SCREEN1.SCMPK</String>
		<String>APPINVENTOR</String>
	</GlobalStrings>
</TrID>