<TrID ver="2.00">
	<Info>
		<FileType>EPOC/Symbian Application Info</FileType>
		<Ext>AIF</Ext>
		<Mime>application/octet-stream</Mime>
		<ExtraInfo>
			<Rem></Rem>
			<RefURL>https://en.wikipedia.org/wiki/EPOC_(operating_system)</RefURL>
		</ExtraInfo>
		<User>Marco Pontello</User>
		<E-Mail>marcopon@gmail.com</E-Mail>
		<Home>http://mark0.net</Home>
	</Info>
	<General>
		<FileNum>26</FileNum>
		<Date>
			<Year>2016</Year>
			<Month>11</Month>
			<Day>12</Day>
		</Date>
		<Time>
			<Hour>2</Hour>
			<Min>58</Min>
			<Sec>19</Sec>
		</Time>
		<Creator>TrIDScan/Py v2.02</Creator>
	</General>
	<FrontBlock>
		<Pattern>
			<Bytes>370000106A000010</Bytes>
			<ASCII> 7 . . . j</ASCII>
			<Pos>0</Pos>
		</Pattern>
	</FrontBlock>
</TrID>