<TrID ver="2.00">
	<Info>
		<FileType>Source Engine Compiled AI Nodegraph</FileType>
		<Ext>AIN</Ext>
		<ExtraInfo>
			<Rem></Rem>
			<RefURL>http://en.wikipedia.org/wiki/Source_(game_engine)</RefURL>
		</ExtraInfo>
		<User>Marco Pontello</User>
		<E-Mail>marcopon@gmail.com</E-Mail>
		<Home>http://mark0.net</Home>
	</Info>
	<General>
		<FileNum>156</FileNum>
		<CheckStrings>True</CheckStrings>
		<Date>
			<Year>2011</Year>
			<Month>3</Month>
			<Day>19</Day>
		</Date>
		<Time>
			<Hour>14</Hour>
			<Min>20</Min>
			<Sec>6</Sec>
		</Time>
		<Creator>TrIDScan/Py v1.79.11b</Creator>
	</General>
	<FrontBlock>
		<Pattern>
			<Bytes>56657273696F6E09</Bytes>
			<ASCII> V e r s i o n</ASCII>
			<Pos>0</Pos>
		</Pattern>
		<Pattern>
			<Bytes>0D</Bytes>
			<Pos>10</Pos>
		</Pattern>
	</FrontBlock>
	<GlobalStrings>
		<String>TOTALNUMLINKS</String>
		<String>NUMNODES</String>
	</GlobalStrings>
</TrID>