<TrID ver="2.00">
	<Info>
		<FileType>Actual Installer Project</FileType>
		<Ext>AIP</Ext>
		<Mime>text/plain</Mime>
		<ExtraInfo>
			<Rem></Rem>
			<RefURL>http://www.actualinstaller.com/</RefURL>
		</ExtraInfo>
		<User>Marco Pontello</User>
		<E-Mail>marcopon@gmail.com</E-Mail>
		<Home>http://mark0.net</Home>
	</Info>
	<General>
		<FileNum>7</FileNum>
		<CheckStrings>True</CheckStrings>
		<Date>
			<Year>2015</Year>
			<Month>7</Month>
			<Day>31</Day>
		</Date>
		<Time>
			<Hour>2</Hour>
			<Min>5</Min>
			<Sec>9</Sec>
		</Time>
		<Creator>TrIDScan/Py v2.01</Creator>
	</General>
	<FrontBlock>
		<Pattern>
			<Bytes>5B53657475705D0A56657273696F6E3D</Bytes>
			<ASCII> [ S e t u p ] . V e r s i o n =</ASCII>
			<Pos>0</Pos>
		</Pattern>
		<Pattern>
			<Bytes>2E</Bytes>
			<Pos>17</Pos>
		</Pattern>
	</FrontBlock>
	<GlobalStrings>
		<String>DIALOGDESTINATIONFOLDER</String>
		<String>CUSTOMACTIONCHECKED</String>
		<String>CUSTOMACTIONCOMMAND</String>
		<String>AUTODETECTLANGUAGE</String>
		<String>DIALOGPROGRAMGROUP</String>
		<String>VISITUNINSTALLPAGE</String>
		<String>LAUNCHFILECHECKED</String>
		<String>VIEWREADMECHECKED</String>
		<String>CUSTOMACTIONNAME</String>
		<String>INSTALLATIONPATH</String>
		<String>UNINSTALLRESTART</String>
		<String>ACCEPTAGREEMENT</String>
		<String>COMPRESSIONTYPE</String>
		<String>DEFAULTLANGUAGE</String>
		<String>INFOUSERNAMEREQ</String>
		<String>PROMPTUNINSTALL</String>
		<String>RESTARTCOMPUTER</String>
		<String>SILENTUNINSTALL</String>
		<String>CUSTOMICONFILE</String>
		<String>DIALOGUSERINFO</String>
		<String>INFOCOMPANYREQ</String>
		<String>INFOCUSTOMNAME</String>
		<String>LAUNCHFILENAME</String>
		<String>MAINEXECUTABLE</String>
		<String>UNINSTALLFORCE</String>
		<String>VIEWREADMEFILE</String>
		<String>DIALOGLICENSE</String>
		<String>DIALOGWELCOME</String>
		<String>DISABLEUPDATE</String>
		<String>DOTNETVERSION</String>
		<String>INFOCUSTOMREQ</String>
		<String>INFOSERIALREQ</String>
		<String>SHOWADDREMOVE</String>
		<String>SILENTINSTALL</String>
		<String>CLOSEAPPFILE</String>
		<String>CLOSEAPPTEXT</String>
		<String>DIALOGFINISH</String>
		<String>DIALOGREADME</String>
		<String>HEADERBITMAP</String>
		<String>SERIALSCOUNT</String>
		<String>SOURCEFOLDER</String>
		<String>UNINSTALLURL</String>
		<String>WIZARDBITMAP</String>
		<String>COMPANYNAME</String>
		<String>DIALOGREADY</String>
		<String>JAVAVERSION</String>
		<String>SQLEVERSION</String>
		<String>SUPPORTLINK</String>
		<String>UPGRADEMODE</String>
		<String>APPVERSION</String>
		<String>FILESCOUNT</String>
		<String>FOLDERSIZE</String>
		<String>SQLVERSION</String>
		<String>WINSRV2003</String>
		<String>(DEFAULT)</String>
		<String>ARVERSION</String>
		<String>EXISTMODE</String>
		<String>IEVERSION</String>
		<String>LANGUAGES</String>
		<String>NOTREMOVE</String>
		<String>SETUPFILE</String>
		<String>SHORTCUTS</String>
		<String>UPDATEURL</String>
		<String>INTERNET</String>
		<String>USERMENU</String>
		<String>WINVISTA</String>
		<String>APPNAME</String>
		<String>EDITION</String>
		<String>ENGLISH</String>
		<String>UPDATER</String>
		<String>WEBSITE</String>
		<String>WIN2000</String>
		<String>ADMIN</String>
		<String>WIN9X</String>
		<String>WINNT</String>
		<String>WINXP</String>
		<String>.BMP</String>
		<String>.EXE</String>
	</GlobalStrings>
</TrID>