<TrID ver="2.00">
	<Info>
		<FileType>Advanced Installer Project</FileType>
		<Ext>AIP</Ext>
		<Mime>text(xml</Mime>
		<ExtraInfo>
			<Rem></Rem>
			<RefURL>http://www.advancedinstaller.com/</RefURL>
		</ExtraInfo>
		<User>Paul Beesley</User>
		<E-Mail>wordpress@nospam.paulbeesley.com</E-Mail>
		<Home>http://www.paulbeesley.com</Home>
	</Info>
	<General>
		<FileNum>13</FileNum>
		<Refine>11 by Marco Pontello</Refine>
		<CheckStrings>True</CheckStrings>
		<Date>
			<Year>2015</Year>
			<Month>7</Month>
			<Day>31</Day>
		</Date>
		<Time>
			<Hour>1</Hour>
			<Min>59</Min>
			<Sec>34</Sec>
		</Time>
		<Creator>TrIDScan/Py v2.01</Creator>
	</General>
	<FrontBlock>
		<Pattern>
			<Bytes>3C3F786D6C2076657273696F6E3D22312E302220656E636F64696E673D225554462D3822207374616E64616C6F6E653D22796573223F3E</Bytes>
			<ASCII> . ? x m l   v e r s i o n = " 1 . 0 "   e n c o d i n g = " U T F - 8 "   s t a n d a l o n e = " y e s " ?</ASCII>
			<Pos>0</Pos>
		</Pattern>
	</FrontBlock>
	<GlobalStrings>
		<String>CAPHYON.ADVINST.MSICOMP.DICTIONARYCOMPONENT</String>
		<String>ADVANCED INSTALLER</String>
		<String>ATTRIBUTE NAME</String>
		<String>COMPONENT CID</String>
		<String>CREATEVERSION</String>
		<String>DOCUMENT TYPE</String>
		<String>DESCRIPTION</String>
		<String>XML VERSION</String>
		<String>STANDALONE</String>
		<String>DIRECTORY</String>
		<String>COMMENTS</String>
		<String>ENCODING</String>
		<String>FILENAME</String>
		<String>LANGUAGE</String>
		<String>LOCATION</String>
		<String>ROOTPATH</String>
		<String>ROW PATH</String>
		<String>CURRENT</String>
		<String>DEFAULT</String>
		<String>DISPLAY</String>
		<String>FEATURE</String>
		<String>MODULES</String>
		<String>PRODUCT</String>
		<String>PROGRAM</String>
		<String>APPDIR</String>
		<String>BINARY</String>
		<String>DIALOG</String>
		<String>PROPER</String>
		<String>SOURCE</String>
		<String>BUILD</String>
		<String>CTURE</String>
		<String>EPATH</String>
		<String>ERING</String>
		<String>FILES</String>
		<String>FIXED</String>
		<String>LEVEL</String>
		<String>READY</String>
		<String>RINGS</String>
		<String>UTF-8</String>
		<String>VALUE</String>
		<String>.AIL</String>
		<String>AI_D</String>
		<String>ATIC</String>
		<String>CODE</String>
		<String>ICON</String>
		<String>ISTR</String>
		<String>LLED</String>
		<String>MAIN</String>
		<String>MPRO</String>
		<String>QUOT</String>
		<String>SIZE</String>
		<String>STAC</String>
		<String>USER</String>
	</GlobalStrings>
</TrID>