<TrID ver="2.00">
	<Info>
		<FileType>Adobe Apollo Rich Internet Application (obsolete)</FileType>
		<Ext>AIR</Ext>
		<ExtraInfo>
			<Rem>Old version of what become Adobe Integrated Runtime. Deprecated.</Rem>
			<RefURL>http://labs.adobe.com/technologies/apollo/</RefURL>
		</ExtraInfo>
		<User>Marco Pontello</User>
		<E-Mail>marcopon@gmail.com</E-Mail>
		<Home>http://mark0.net</Home>	</Info>
	<General>
		<FileNum>22</FileNum>
		<CheckStrings>True</CheckStrings>
		<Date>
			<Year>2007</Year>
			<Month>05</Month>
			<Day>15</Day>
		</Date>
		<Time>
			<Hour>13</Hour>
			<Min>34</Min>
			<Sec>57</Sec>
		</Time>
		<Creator>TrIDScan32 v1.56</Creator>
	</General>
	<FrontBlock>
		<Pattern>
			<Bytes>504B0304</Bytes>
			<ASCII> P K</ASCII>
			<Pos>0</Pos>
		</Pattern>
		<Pattern>
			<Bytes>000000000000000000E1C049623E0000003E000000080000006D696D65747970656170706C69636174696F6E2F766E642E61646F62652E61706F6C6C6F2D6170706C69636174696F6E2D696E7374616C6C65722D7061636B6167652B7A6970504B0304</Bytes>
			<ASCII> . . . . . . . . . . . I b . . . . . . . . . . . . m i m e t y p e a p p l i c a t i o n / v n d . a d o b e . a p o l l o - a p p l i c a t i o n - i n s t a l l e r - p a c k a g e + z i p P K</ASCII>
			<Pos>5</Pos>
		</Pattern>
		<Pattern>
			<Bytes>4D4554412D494E462F4149522F6170706C69636174696F6E2E786D6C</Bytes>
			<ASCII> M E T A - I N F / A I R / a p p l i c a t i o n . x m l</ASCII>
			<Pos>130</Pos>
		</Pattern>
	</FrontBlock>
	<GlobalStrings>
		<String>VND.ADOBE.APOLLO-APPLICATION-INSTALLER-PACKAGE+ZIPPK</String>
		<String>MIMETYPEAPPLICATION</String>
		<String>APPLICATION.XMLPK</String>
		<String>D'''META-INF</String>
		<String>MIMETYPEPK</String>
		<String>HASHPK</String>
		<String>.PNGPK</String>
	</GlobalStrings>
</TrID>
