<TrID ver="2.00">
	<Info>
		<FileType>Adobe Integrated Runtime</FileType>
		<Ext>AIR</Ext>
		<Mime>application/vnd.adobe.air-application-installer-package+zip</Mime>
		<ExtraInfo>
			<Rem></Rem>
			<RefURL>http://en.wikipedia.org/wiki/Adobe_AIR</RefURL>
		</ExtraInfo>
		<User>Marco Pontello</User>
		<E-Mail>marcopon@gmail.com</E-Mail>
		<Home>http://mark0.net</Home>
	</Info>
	<General>
		<FileNum>15</FileNum>
		<Refine>1 by Stef - 1 by Marco Pontello</Refine>
		<CheckStrings>True</CheckStrings>
		<Date>
			<Year>2015</Year>
			<Month>12</Month>
			<Day>24</Day>
		</Date>
		<Time>
			<Hour>17</Hour>
			<Min>53</Min>
			<Sec>16</Sec>
		</Time>
		<Creator>TrIDScan/Py v2.02</Creator>
	</General>
	<FrontBlock>
		<Pattern>
			<Bytes>504B0304</Bytes>
			<ASCII> P K</ASCII>
			<Pos>0</Pos>
		</Pattern>
		<Pattern>
			<Bytes>6D696D6574797065</Bytes>
			<ASCII> m i m e t y p e</ASCII>
			<Pos>30</Pos>
		</Pattern>
	</FrontBlock>
	<GlobalStrings>
		<String>VND.ADOBE.AIR-APPLICATION-INSTALLER-PACKAGE+ZIPPK</String>
		<String>APPLICATION.XML</String>
		<String>SIGNATURES.XML</String>
		<String>META-INF</String>
		<String>MIMETYPE</String>
		<String>HASH</String>
	</GlobalStrings>
</TrID>