<TrID ver="2.00">
	<Info>
		<FileType>Advanced Installer Updates configuration</FileType>
		<Ext>AIU</Ext>
		<ExtraInfo>
			<Rem></Rem>
			<RefURL>http://www.advancedinstaller.com/</RefURL>
		</ExtraInfo>
		<User>Marco Pontello</User>
		<E-Mail>marcopon@gmail.com</E-Mail>
		<Home>http://mark0.net</Home>
	</Info>
	<General>
		<FileNum>3</FileNum>
		<Date>
			<Year>2012</Year>
			<Month>10</Month>
			<Day>12</Day>
		</Date>
		<Time>
			<Hour>13</Hour>
			<Min>54</Min>
			<Sec>41</Sec>
		</Time>
		<Creator>TrIDScan/Py v1.80</Creator>
	</General>
	<FrontBlock>
		<Pattern>
			<Bytes>3B6169753B0D0A</Bytes>
			<ASCII> ; a i u ;</ASCII>
			<Pos>0</Pos>
		</Pattern>
	</FrontBlock>
</TrID>