<TrID ver="2.00">
	<Info>
		<FileType>Anfy Applet Generator Saved file</FileType>
		<Ext>AJP</Ext>
		<ExtraInfo>
			<Rem></Rem>
			<RefURL>http://www.anfyteam.com/</RefURL>
		</ExtraInfo>
		<User>Marco Pontello</User>
		<E-Mail>marcopon@gmail.com</E-Mail>
		<Home>http://mark0.net</Home>
	</Info>
	<General>
		<FileNum>20</FileNum>
		<CheckStrings>True</CheckStrings>
		<Date>
			<Year>2006</Year>
			<Month>04</Month>
			<Day>09</Day>
		</Date>
		<Time>
			<Hour>20</Hour>
			<Min>43</Min>
			<Sec>04</Sec>
		</Time>
		<Creator>TrIDScan32 v1.56</Creator>
	</General>
	<FrontBlock>
		<Pattern>
			<Bytes>41204A205020312034</Bytes>
			<ASCII> A   J   P   1   4</ASCII>
			<Pos>0</Pos>
		</Pattern>
	</FrontBlock>
	<GlobalStrings>
		<String>TASKPRIORITY</String>
		<String>REGFRAMENAME</String>
		<String>FIXNETSCAPE</String>
		<String>REGNEWFRAME</String>
		<String>STATUSMSG</String>
		<String>NOJAVAMSG</String>
		<String>OVERIMAGE</String>
		<String>OVERIMGX</String>
		<String>OVERIMGY</String>
		<String>MEMDELAY</String>
		<String>REGLINK</String>
		<String>MINSYNC</String>
		<String>HEIGHT</String>
		<String>ESPEED</String>
		<String>WIDTH</String>
	</GlobalStrings>
</TrID>
