<TrID ver="2.00">
	<Info>
		<FileType>Aksharamala Keymap Binary</FileType>
		<Ext>AKM</Ext>
		<ExtraInfo>
			<Rem></Rem>
			<RefURL>http://www.aksharamala.com</RefURL>
		</ExtraInfo>
		<User>Srinivas Annam</User>
		<E-Mail>annam_srinivas-nospam@hotmail.com</E-Mail>
	</Info>
	<General>
		<FileNum>87</FileNum>
		<Date>
			<Year>2004</Year>
			<Month>10</Month>
			<Day>09</Day>
		</Date>
		<Time>
			<Hour>00</Hour>
			<Min>54</Min>
			<Sec>10</Sec>
		</Time>
		<Creator>TrIDScan32 v1.55</Creator>
	</General>
	<FrontBlock>
		<Pattern>
			<Bytes>03312E34</Bytes>
			<ASCII> . 1 . 4</ASCII>
			<Pos>0</Pos>
		</Pattern>
	</FrontBlock>
</TrID>

