<TrID ver="2.00">
	<Info>
		<FileType>Akoma Ntoso document</FileType>
		<Ext>XML</Ext>
		<Mime>application/akn+xml</Mime>
		<ExtraInfo>
			<Rem></Rem>
			<RefURL>http://www.akomantoso.org/</RefURL>
		</ExtraInfo>
		<User>Marco Pontello</User>
		<E-Mail>marcopon@gmail.com</E-Mail>
		<Home>http://mark0.net</Home>
	</Info>
	<General>
		<FileNum>19</FileNum>
		<CheckStrings>True</CheckStrings>
		<Date>
			<Year>2016</Year>
			<Month>3</Month>
			<Day>1</Day>
		</Date>
		<Time>
			<Hour>12</Hour>
			<Min>53</Min>
			<Sec>13</Sec>
		</Time>
		<Creator>TrIDScan/Py v2.02</Creator>
	</General>
	<FrontBlock>
		<Pattern>
			<Bytes>3C</Bytes>
			<Pos>0</Pos>
		</Pattern>
	</FrontBlock>
	<GlobalStrings>
		<String>XMLSCHEMA-INSTANCE</String>
		<String>FRBRMANIFESTATION</String>
		<String>AKOMANTOSO XMLNS</String>
		<String>FRBREXPRESSION</String>
		<String>IDENTIFICATION</String>
		<String>SCHEMALOCATION</String>
		<String>FRBRLANGUAGE</String>
		<String>ORGANIZATION</String>
		<String>FRBRCOUNTRY</String>
		<String>FRBRAUTHOR</String>
		<String>WWW.W3.ORG</String>
		<String>FRBRDATE</String>
		<String>FRBRTHIS</String>
		<String>FRBRWORK</String>
		<String>FRBRURI</String>
		<String>REFERS</String>
		<String>SOURCE</String>
		<String>TITLE</String>
		<String>VALUE</String>
		<String>VERSI</String>
		<String>.XSD</String>
		<String>2001</String>
		<String>BODY</String>
		<String>CONT</String>
		<String>HREF</String>
		<String>HTTP</String>
		<String>MAIN</String>
		<String>META</String>
		<String>NAME</String>
	</GlobalStrings>
</TrID>