<TrID ver="2.00">
	<Info>
		<FileType>Akai AKP format</FileType>
		<Ext>AKP</Ext>
		<Mime>application/octet-stream</Mime>
		<ExtraInfo>
			<Rem></Rem>
			<RefURL>https://en.wikipedia.org/wiki/Akai</RefURL>
		</ExtraInfo>
		<User>Marco Pontello</User>
		<E-Mail>marcopon@gmail.com</E-Mail>
		<Home>http://mark0.net</Home>
	</Info>
	<General>
		<FileNum>4</FileNum>
		<Date>
			<Year>2016</Year>
			<Month>1</Month>
			<Day>26</Day>
		</Date>
		<Time>
			<Hour>15</Hour>
			<Min>3</Min>
			<Sec>8</Sec>
		</Time>
		<Creator>TrIDScan/Py v2.02</Creator>
	</General>
	<FrontBlock>
		<Pattern>
			<Bytes>52494646</Bytes>
			<ASCII> R I F F</ASCII>
			<Pos>0</Pos>
		</Pattern>
		<Pattern>
			<Bytes>4150524770726720</Bytes>
			<ASCII> A P R G p r g</ASCII>
			<Pos>8</Pos>
		</Pattern>
		<Pattern>
			<Bytes>6F757420</Bytes>
			<ASCII> o u t</ASCII>
			<Pos>26</Pos>
		</Pattern>
		<Pattern>
			<Bytes>74756E65</Bytes>
			<ASCII> t u n e</ASCII>
			<Pos>42</Pos>
		</Pattern>
		<Pattern>
			<Bytes>6C666F20</Bytes>
			<ASCII> l f o</ASCII>
			<Pos>72</Pos>
		</Pattern>
		<Pattern>
			<Bytes>6D6F6473</Bytes>
			<ASCII> m o d s</ASCII>
			<Pos>112</Pos>
		</Pattern>
	</FrontBlock>
</TrID>