<TrID ver="2.00">
	<Info>
		<FileType>Aldus Zip compressed installation data</FileType>
		<Ext></Ext>
		<Mime>application/octet-stream</Mime>
		<ExtraInfo>
			<Rem>Used for example in PageMaker.</Rem>
			<RefURL>https://en.wikipedia.org/wiki/Aldus</RefURL>
		</ExtraInfo>
		<User>Marco Pontello</User>
		<E-Mail>marcopon@gmail.com</E-Mail>
		<Home>http://mark0.net</Home>
	</Info>
	<General>
		<FileNum>15</FileNum>
		<Date>
			<Year>2017</Year>
			<Month>1</Month>
			<Day>13</Day>
		</Date>
		<Time>
			<Hour>2</Hour>
			<Min>0</Min>
			<Sec>29</Sec>
		</Time>
		<Creator>TrIDScan/Py v2.02</Creator>
	</General>
	<FrontBlock>
		<Pattern>
			<Bytes>414C44555320504B5A5020</Bytes>
			<ASCII> A L D U S   P K Z P</ASCII>
			<Pos>0</Pos>
		</Pattern>
		<Pattern>
			<Bytes>2E</Bytes>
			<Pos>13</Pos>
		</Pattern>
	</FrontBlock>
</TrID>