<TrID ver="2.00">
	<Info>
		<FileType>Aldus LZW compressed data</FileType>
		<Ext></Ext>
		<Mime>application/octet-stream</Mime>
		<ExtraInfo>
			<Rem>Unsed in some Aldus software installers.</Rem>
			<RefURL>https://en.wikipedia.org/wiki/Lempel%E2%80%93Ziv%E2%80%93Welch</RefURL>
		</ExtraInfo>
		<User>Marco Pontello</User>
		<E-Mail>marcopon@gmail.com</E-Mail>
		<Home>http://mark0.net</Home>
	</Info>
	<General>
		<FileNum>18</FileNum>
		<Date>
			<Year>2016</Year>
			<Month>10</Month>
			<Day>21</Day>
		</Date>
		<Time>
			<Hour>19</Hour>
			<Min>19</Min>
			<Sec>25</Sec>
		</Time>
		<Creator>TrIDScan/Py v2.02</Creator>
	</General>
	<FrontBlock>
		<Pattern>
			<Bytes>414C445553204C5A57202020312E3030</Bytes>
			<ASCII> A L D U S   L Z W       1 . 0 0</ASCII>
			<Pos>0</Pos>
		</Pattern>
	</FrontBlock>
</TrID>