<TrID ver="2.00">
	<Info>
		<FileType>Avid Log Exchange</FileType>
		<Ext>ALE</Ext>
		<Mime>text/plain</Mime>
		<ExtraInfo>
			<Rem></Rem>
			<RefURL>https://en.wikipedia.org/wiki/Avid_(company)</RefURL>
		</ExtraInfo>
		<User>Marco Pontello</User>
		<E-Mail>marcopon@gmail.com</E-Mail>
		<Home>http://mark0.net</Home>
	</Info>
	<General>
		<FileNum>10</FileNum>
		<CheckStrings>True</CheckStrings>
		<Date>
			<Year>2016</Year>
			<Month>12</Month>
			<Day>25</Day>
		</Date>
		<Time>
			<Hour>20</Hour>
			<Min>28</Min>
			<Sec>36</Sec>
		</Time>
		<Creator>TrIDScan/Py v2.02</Creator>
	</General>
	<FrontBlock>
		<Pattern>
			<Bytes>48656164696E67</Bytes>
			<ASCII> H e a d i n g</ASCII>
			<Pos>0</Pos>
		</Pattern>
	</FrontBlock>
	<GlobalStrings>
		<String>AUDIO_FORMAT</String>
		<String>VIDEO_FORMAT</String>
		<String>FIELD_DELIM</String>
		<String>HEADING</String>
		<String>COLUMN</String>
		<String>TRACKS</String>
		<String>SCENE</String>
		<String>START</String>
		<String>DATA</String>
		<String>DATE</String>
		<String>NAME</String>
		<String>TABS</String>
		<String>TAKE</String>
	</GlobalStrings>
</TrID>