<TrID ver="2.00">
	<Info>
		<FileType>Find and Run Robot (FARR) alias</FileType>
		<Ext>ALIAS</Ext>
		<ExtraInfo>
			<Rem></Rem>
			<RefURL>http://www.donationcoder.com/Software/Mouser/findrun/index.html</RefURL>
		</ExtraInfo>
		<User>Marco Pontello</User>
		<E-Mail>marcopon@gmail.com</E-Mail>
		<Home>http://mark0.net</Home>
	</Info>
	<General>
		<FileNum>19</FileNum>
		<CheckStrings>True</CheckStrings>
		<Date>
			<Year>2011</Year>
			<Month>2</Month>
			<Day>25</Day>
		</Date>
		<Time>
			<Hour>23</Hour>
			<Min>49</Min>
			<Sec>31</Sec>
		</Time>
		<Creator>TrIDScan/Py v1.79.11b</Creator>
	</General>
	<FrontBlock>
		<Pattern>
			<Bytes>3C3F786D6C2076657273696F6E3D22312E302220</Bytes>
			<ASCII> . ? x m l   v e r s i o n = " 1 . 0 "</ASCII>
			<Pos>0</Pos>
		</Pattern>
	</FrontBlock>
	<GlobalStrings>
		<String>WWW.DONATIONCODER.COM</String>
		<String>ALIASSETDESCRIPTION</String>
		<String>FILEFORMATVERSION</String>
		<String>FARRALIASFILE</String>
		<String>XML VERSION</String>
		<String>ALIASENTRY</String>
		<String>ALIASTEXT</String>
		<String>SOFTWARE</String>
		<String>FINDRUN</String>
		<String>RESULTS</String>
		<String>MOUSER</String>
		<String>SCORE</String>
	</GlobalStrings>
</TrID>