<TrID ver="1.18">
    <Info>
        <FileType>Aley's Module v1.1-1.2</FileType>
        <Ext>ALM</Ext>
        <ExtraInfo>
            <Rem></Rem>
            <RefURL></RefURL>
        </ExtraInfo>
        <User>Marco Pontello</User>
        <E-Mail>marcopon@gmail.com</E-Mail>
        <Home>http://mark0.net</Home>
    </Info>
    <General>
        <FileNum>3</FileNum>
        <Date>
            <Year>2003</Year>
            <Month>08</Month>
            <Day>01</Day>
        </Date>
        <Time>
            <Hour>21</Hour>
            <Min>56</Min>
            <Sec>39</Sec>
        </Time>
        <Creator>TrIDScan32 v1.02.6b</Creator>
    </General>
    <FrontBlock>
        <Pattern>
            <Bytes>416C65794D6F64</Bytes>
            <ASCII> A l e y M o d</ASCII>
            <Pos>0</Pos>
        </Pattern>
    </FrontBlock>
</TrID>
