<TrID ver="2.00">
	<Info>
		<FileType>Clustal Alignment format</FileType>
		<Ext>ALN</Ext>
		<Mime>text/plain</Mime>
		<ExtraInfo>
			<Rem></Rem>
			<RefURL>https://en.wikipedia.org/wiki/Clustal</RefURL>
		</ExtraInfo>
		<User>Marco Pontello</User>
		<E-Mail>marcopon@gmail.com</E-Mail>
		<Home>http://mark0.net</Home>
	</Info>
	<General>
		<FileNum>15</FileNum>
		<CheckStrings>True</CheckStrings>
		<Date>
			<Year>2016</Year>
			<Month>4</Month>
			<Day>15</Day>
		</Date>
		<Time>
			<Hour>15</Hour>
			<Min>29</Min>
			<Sec>11</Sec>
		</Time>
		<Creator>TrIDScan/Py v2.02</Creator>
	</General>
	<FrontBlock>
		<Pattern>
			<Bytes>434C555354414C20</Bytes>
			<ASCII> C L U S T A L</ASCII>
			<Pos>0</Pos>
		</Pattern>
	</FrontBlock>
	<GlobalStrings>
		<String>MULTIPLE SEQUENCE ALIGNMENT</String>
	</GlobalStrings>
</TrID>