<TrID ver="2.00">
	<Info>
		<FileType>AmiraMesh (ASCII)</FileType>
		<Ext>AM</Ext>
		<Mime>text/plain</Mime>
		<ExtraInfo>
			<Rem></Rem>
			<RefURL>https://en.wikipedia.org/wiki/Amira_(software)</RefURL>
		</ExtraInfo>
		<User>Marco Pontello</User>
		<E-Mail>marcopon@gmail.com</E-Mail>
		<Home>http://mark0.net</Home>
	</Info>
	<General>
		<FileNum>9</FileNum>
		<CheckStrings>True</CheckStrings>
		<Date>
			<Year>2016</Year>
			<Month>4</Month>
			<Day>12</Day>
		</Date>
		<Time>
			<Hour>3</Hour>
			<Min>33</Min>
			<Sec>40</Sec>
		</Time>
		<Creator>TrIDScan/Py v2.02</Creator>
	</General>
	<FrontBlock>
		<Pattern>
			<Bytes>2320416D6972614D65736820</Bytes>
			<ASCII> #   A m i r a M e s h</ASCII>
			<Pos>0</Pos>
		</Pattern>
	</FrontBlock>
	<GlobalStrings>
		<String>COORDINATES }</String>
		<String>PARAMETERS {</String>
		<String>CONTENTTYPE</String>
		<String>DEFINE VERT</String>
		<String>AMIRAMESH</String>
		<String>{ FLOAT</String>
		<String>ASCII</String>
		<String>{ INT</String>
		<String>DATA</String>
	</GlobalStrings>
</TrID>