<TrID ver="2.00">
	<Info>
		<FileType>AM sound</FileType>
		<Ext></Ext>
		<Mime>application/octet-stream</Mime>
		<ExtraInfo>
			<Rem>Sound format used by Amiga's trackers</Rem>
			<RefURL></RefURL>
		</ExtraInfo>
		<User>Marco Pontello</User>
		<E-Mail>marcopon@gmail.com</E-Mail>
		<Home>http://mark0.net</Home>
	</Info>
	<General>
		<FileNum>11</FileNum>
		<Date>
			<Year>2016</Year>
			<Month>11</Month>
			<Day>7</Day>
		</Date>
		<Time>
			<Hour>20</Hour>
			<Min>20</Min>
			<Sec>49</Sec>
		</Time>
		<Creator>TrIDScan/Py v2.02</Creator>
	</General>
	<FrontBlock>
		<Pattern>
			<Bytes>414D0000</Bytes>
			<ASCII> A M</ASCII>
			<Pos>0</Pos>
		</Pattern>
	</FrontBlock>
</TrID>