<TrID ver="2.00">
	<Info>
		<FileType>AY Amadeus chiptune</FileType>
		<Ext>AMAD</Ext>
		<Mime>application/octet-stream</Mime>
		<ExtraInfo>
			<Rem></Rem>
			<RefURL>http://en.wikipedia.org/wiki/Chiptune</RefURL>
		</ExtraInfo>
		<User>Marco Pontello</User>
		<E-Mail>marcopon@gmail.com</E-Mail>
		<Home>http://mark0.net</Home>
	</Info>
	<General>
		<FileNum>7</FileNum>
		<Date>
			<Year>2015</Year>
			<Month>4</Month>
			<Day>3</Day>
		</Date>
		<Time>
			<Hour>15</Hour>
			<Min>19</Min>
			<Sec>31</Sec>
		</Time>
		<Creator>TrIDScan/Py v2.01</Creator>
	</General>
	<FrontBlock>
		<Pattern>
			<Bytes>5A584159414D414400</Bytes>
			<ASCII> Z X A Y A M A D</ASCII>
			<Pos>0</Pos>
		</Pattern>
	</FrontBlock>
</TrID>