<TrID ver="2.00">
	<Info>
		<FileType>Amanda tape</FileType>
		<Ext></Ext>
		<ExtraInfo>
			<Rem>Amanda is a backup system designed to archive many computers on a network to a single large-capacity tape drive</Rem>
			<RefURL>http://www.oops.co.at/AMANDA-docs/</RefURL>
		</ExtraInfo>
		<User>Marco Pontello</User>
		<E-Mail>marcopon@gmail.com</E-Mail>
		<Home>http://mark0.net</Home>
	</Info>
	<General>
		<FileNum>2</FileNum>
		<Date>
			<Year>2004</Year>
			<Month>08</Month>
			<Day>20</Day>
		</Date>
		<Time>
			<Hour>19</Hour>
			<Min>09</Min>
			<Sec>20</Sec>
		</Time>
		<Creator>TrIDScan32 v1.55</Creator>
	</General>
	<FrontBlock>
		<Pattern>
			<Bytes>414D414E44413A5C</Bytes>
			<ASCII> A M A N D A : \</ASCII>
			<Pos>0</Pos>
		</Pattern>
	</FrontBlock>
</TrID>
