<TrID ver="2.00">
	<Info>
		<FileType>Modular V preset</FileType>
		<Ext>AMB</Ext>
		<Mime>application/octet-stream</Mime>
		<ExtraInfo>
			<Rem></Rem>
			<RefURL>https://en.wikipedia.org/wiki/Arturia</RefURL>
		</ExtraInfo>
		<User>Marco Pontello</User>
		<E-Mail>marcopon@gmail.com</E-Mail>
		<Home>http://mark0.net</Home>
	</Info>
	<General>
		<FileNum>15</FileNum>
		<Date>
			<Year>2015</Year>
			<Month>11</Month>
			<Day>25</Day>
		</Date>
		<Time>
			<Hour>16</Hour>
			<Min>12</Min>
			<Sec>31</Sec>
		</Time>
		<Creator>TrIDScan/Py v2.01</Creator>
	</General>
	<FrontBlock>
		<Pattern>
			<Bytes>4D4F4F4700043030303042414E4B</Bytes>
			<ASCII> M O O G . . 0 0 0 0 B A N K</ASCII>
			<Pos>0</Pos>
		</Pattern>
	</FrontBlock>
</TrID>