<TrID ver="2.00">
	<Info>
		<FileType>A.M.Composer 1.2 music</FileType>
		<Ext>AMC</Ext>
		<Mime>application/octet-stream</Mime>
		<ExtraInfo>
			<Rem>Music format created in 1989 by Marc Hawliteck of Vesalia-Soft.</Rem>
			<RefURL>http://www.exotica.org.uk/wiki/A.M.Composer_1.2</RefURL>
		</ExtraInfo>
		<User>Marco Pontello</User>
		<E-Mail>marcopon@gmail.com</E-Mail>
		<Home>http://mark0.net</Home>
	</Info>
	<General>
		<FileNum>10</FileNum>
		<Refine>4 by Marco Pontello</Refine>
		<Date>
			<Year>2015</Year>
			<Month>4</Month>
			<Day>3</Day>
		</Date>
		<Time>
			<Hour>15</Hour>
			<Min>28</Min>
			<Sec>3</Sec>
		</Time>
		<Creator>TrIDScan/Py v2.01</Creator>
	</General>
	<FrontBlock>
		<Pattern>
			<Bytes>414D432056312E32205245504C415921</Bytes>
			<ASCII> A M C   V 1 . 2   R E P L A Y !</ASCII>
			<Pos>0</Pos>
		</Pattern>
	</FrontBlock>
</TrID>