<TrID ver="2.00">
	<Info>
		<FileType>L3DT Attributes Map File</FileType>
		<Ext>AMF</Ext>
		<Mime>application/octet-stream</Mime>
		<ExtraInfo>
			<Rem></Rem>
			<RefURL>http://www.bundysoft.com/docs/doku.php?id=l3dt:formats:specs:amf</RefURL>
		</ExtraInfo>
		<User>Marco Pontello</User>
		<E-Mail>marcopon@gmail.com</E-Mail>
		<Home>http://mark0.net</Home>
	</Info>
	<General>
		<FileNum>3</FileNum>
		<Date>
			<Year>2016</Year>
			<Month>4</Month>
			<Day>9</Day>
		</Date>
		<Time>
			<Hour>20</Hour>
			<Min>0</Min>
			<Sec>18</Sec>
		</Time>
		<Creator>TrIDScan/Py v2.02</Creator>
	</General>
	<FrontBlock>
		<Pattern>
			<Bytes>4C3344540802</Bytes>
			<ASCII> L 3 D T</ASCII>
			<Pos>0</Pos>
		</Pattern>
	</FrontBlock>
</TrID>