<TrID ver="2.00">
	<Info>
		<FileType>Asylum Music Format module</FileType>
		<Ext>AMF</Ext>
		<Mime>audio/x-mod</Mime>
		<ExtraInfo>
			<Rem></Rem>
			<RefURL>http://fileformats.archiveteam.org/wiki/Asylum_Music_Format</RefURL>
		</ExtraInfo>
		<User>Marco Pontello</User>
		<E-Mail>marcopon@gmail.com</E-Mail>
		<Home>http://mark0.net</Home>
	</Info>
	<General>
		<FileNum>2</FileNum>
		<Date>
			<Year>2015</Year>
			<Month>4</Month>
			<Day>2</Day>
		</Date>
		<Time>
			<Hour>17</Hour>
			<Min>31</Min>
			<Sec>0</Sec>
		</Time>
		<Creator>TrIDScan/Py v2.01</Creator>
	</General>
	<FrontBlock>
		<Pattern>
			<Bytes>4153594C554D204D7573696320466F726D61742056312E30</Bytes>
			<ASCII> A S Y L U M   M u s i c   F o r m a t   V 1 . 0</ASCII>
			<Pos>0</Pos>
		</Pattern>
	</FrontBlock>
</TrID>