<TrID ver="2.00">
	<Info>
		<FileType>Additive Manufacturing Format</FileType>
		<Ext>AMF</Ext>
		<ExtraInfo>
			<Rem></Rem>
			<RefURL>http://en.wikipedia.org/wiki/Additive_Manufacturing_File_Format</RefURL>
		</ExtraInfo>
		<User>Marco Pontello</User>
		<E-Mail>marcopon@gmail.com</E-Mail>
		<Home>http://mark0.net</Home>
	</Info>
	<General>
		<FileNum>9</FileNum>
		<CheckStrings>True</CheckStrings>
		<Date>
			<Year>2014</Year>
			<Month>5</Month>
			<Day>1</Day>
		</Date>
		<Time>
			<Hour>23</Hour>
			<Min>32</Min>
			<Sec>28</Sec>
		</Time>
		<Creator>TrIDScan/Py v1.90</Creator>
	</General>
	<FrontBlock>
		<Pattern>
			<Bytes>3C3F786D6C2076657273696F6E3D22312E302220656E636F64696E673D22</Bytes>
			<ASCII> . ? x m l   v e r s i o n = " 1 . 0 "   e n c o d i n g = "</ASCII>
			<Pos>0</Pos>
		</Pattern>
	</FrontBlock>
	<GlobalStrings>
		<String>METADATA TYPE</String>
		<String>COORDINATES</String>
		<String>XML VERSION</String>
		<String>ENCODING</String>
		<String>OBJECT</String>
		<String>VERTEX</String>
		<String>VERTIC</String>
		<String>MESH</String>
	</GlobalStrings>
</TrID>