<TrID ver="2.00">
    <Info>
        <FileType>Amiga Meta File Format</FileType>
        <Ext>AMF/AMFF</Ext>
        <ExtraInfo>
            <Rem></Rem>
            <RefURL></RefURL>
        </ExtraInfo>
        <User>Marco Pontello</User>
        <E-Mail>marcopon@gmail.com</E-Mail>
        <Home>http://mark0.net</Home>
    </Info>
    <General>
        <FileNum>2</FileNum>
        <CheckStrings>True</CheckStrings>
        <Date>
            <Year>2003</Year>
            <Month>11</Month>
            <Day>26</Day>
        </Date>
        <Time>
            <Hour>13</Hour>
            <Min>10</Min>
            <Sec>06</Sec>
        </Time>
        <Creator>TrIDScan32 v1.55</Creator>
    </General>
    <FrontBlock>
        <Pattern>
            <Bytes>464F524D</Bytes>
            <ASCII> F O R M</ASCII>
            <Pos>0</Pos>
        </Pattern>
        <Pattern>
            <Bytes>414D4646</Bytes>
            <ASCII> A M F F</ASCII>
            <Pos>7</Pos>
        </Pattern>
    </FrontBlock>
</TrID>
