<TrID ver="2.00">
	<Info>
		<FileType>Ami metafile format (v2)</FileType>
		<Ext></Ext>
		<Mime>application/octet-stream</Mime>
		<ExtraInfo>
			<Rem></Rem>
			<RefURL>https://en.wikipedia.org/wiki/Am%C3%AD</RefURL>
		</ExtraInfo>
		<User>Marco Pontello</User>
		<E-Mail>marcopon@gmail.com</E-Mail>
		<Home>http://mark0.net</Home>
	</Info>
	<General>
		<FileNum>3</FileNum>
		<CheckStrings>True</CheckStrings>
		<Date>
			<Year>2017</Year>
			<Month>1</Month>
			<Day>14</Day>
		</Date>
		<Time>
			<Hour>16</Hour>
			<Min>7</Min>
			<Sec>15</Sec>
		</Time>
		<Creator>TrIDScan/Py v2.02</Creator>
	</General>
	<FrontBlock>
		<Pattern>
			<Bytes>414D495F4D45544146494C455F464F524D41542056455253494F4E5F32</Bytes>
			<ASCII> A M I _ M E T A F I L E _ F O R M A T   V E R S I O N _ 2</ASCII>
			<Pos>0</Pos>
		</Pattern>
	</FrontBlock>
</TrID>