<TrID ver="2.00">
	<Info>
		<FileType>Ami-Back Backup</FileType>
		<Ext>BAC</Ext>
		<Mime>application/octet-stream</Mime>
		<ExtraInfo>
			<Rem>Backup software for Amiga.</Rem>
			<RefURL></RefURL>
		</ExtraInfo>
		<User>Marco Pontello</User>
		<E-Mail>marcopon@gmail.com</E-Mail>
		<Home>http://mark0.net</Home>
	</Info>
	<General>
		<FileNum>2</FileNum>
		<Date>
			<Year>2016</Year>
			<Month>11</Month>
			<Day>26</Day>
		</Date>
		<Time>
			<Hour>14</Hour>
			<Min>58</Min>
			<Sec>49</Sec>
		</Time>
		<Creator>TrIDScan/Py v2.02</Creator>
	</General>
	<FrontBlock>
		<Pattern>
			<Bytes>4241434B4D494B454449534B</Bytes>
			<ASCII> B A C K M I K E D I S K</ASCII>
			<Pos>0</Pos>
		</Pattern>
	</FrontBlock>
</TrID>