<TrID ver="2.00">
	<Info>
		<FileType>Abstract Markup Language</FileType>
		<Ext>AML</Ext>
		<ExtraInfo>
			<Rem></Rem>
			<RefURL></RefURL>
		</ExtraInfo>
		<User>Marco Pontello</User>
		<E-Mail>marcopon@gmail.com</E-Mail>
		<Home>http://mark0.net</Home>
	</Info>
	<General>
		<FileNum>8</FileNum>
		<CheckStrings>True</CheckStrings>
		<Date>
			<Year>2014</Year>
			<Month>2</Month>
			<Day>4</Day>
		</Date>
		<Time>
			<Hour>2</Hour>
			<Min>21</Min>
			<Sec>16</Sec>
		</Time>
		<Creator>TrIDScan/Py v1.90</Creator>
	</General>
	<FrontBlock>
		<Pattern>
			<Bytes>3C</Bytes>
			<Pos>0</Pos>
		</Pattern>
	</FrontBlock>
	<GlobalStrings>
		<String>AMLDOCUMENT</String>
		<String>TEXT</String>
	</GlobalStrings>
</TrID>