<TrID ver="2.00">
	<Info>
		<FileType>AMOS Pro source</FileType>
		<Ext>AMOS</Ext>
		<Mime>application/octet-stream</Mime>
		<ExtraInfo>
			<Rem></Rem>
			<RefURL>http://en.wikipedia.org/wiki/AMOS_(programming_language)</RefURL>
		</ExtraInfo>
		<User>Marco Pontello</User>
		<E-Mail>marcopon@gmail.com</E-Mail>
		<Home>http://mark0.net</Home>
	</Info>
	<General>
		<FileNum>3</FileNum>
		<Date>
			<Year>2015</Year>
			<Month>4</Month>
			<Day>16</Day>
		</Date>
		<Time>
			<Hour>1</Hour>
			<Min>49</Min>
			<Sec>52</Sec>
		</Time>
		<Creator>TrIDScan/Py v2.01</Creator>
	</General>
	<FrontBlock>
		<Pattern>
			<Bytes>414D4F532050726F</Bytes>
			<ASCII> A M O S   P r o</ASCII>
			<Pos>0</Pos>
		</Pattern>
	</FrontBlock>
</TrID>