<TrID ver="2.00">
	<Info>
		<FileType>Extreme's Tracker module</FileType>
		<Ext>AMS</Ext>
		<Mime>audio/x-mod</Mime>
		<ExtraInfo>
			<Rem></Rem>
			<RefURL>http://fileformats.archiveteam.org/wiki/Extreme's_Tracker_module</RefURL>
		</ExtraInfo>
		<User>Marco Pontello</User>
		<E-Mail>marcopon@gmail.com</E-Mail>
		<Home>http://mark0.net</Home>
	</Info>
	<General>
		<FileNum>3</FileNum>
		<Date>
			<Year>2015</Year>
			<Month>4</Month>
			<Day>2</Day>
		</Date>
		<Time>
			<Hour>17</Hour>
			<Min>34</Min>
			<Sec>33</Sec>
		</Time>
		<Creator>TrIDScan/Py v2.01</Creator>
	</General>
	<FrontBlock>
		<Pattern>
			<Bytes>45787472656D653001</Bytes>
			<ASCII> E x t r e m e 0</ASCII>
			<Pos>0</Pos>
		</Pattern>
	</FrontBlock>
</TrID>