<TrID ver="2.00">
	<Info>
		<FileType>Velvet Studio Advanced Module System module</FileType>
		<Ext>AMS</Ext>
		<Mime>audio/x-mod</Mime>
		<ExtraInfo>
			<Rem></Rem>
			<RefURL></RefURL>
		</ExtraInfo>
		<User>Marco Pontello</User>
		<E-Mail>marcopon@gmail.com</E-Mail>
		<Home>http://mark0.net</Home>
	</Info>
	<General>
		<FileNum>11</FileNum>
		<Refine>9 by Marco Pontello</Refine>
		<Date>
			<Year>2015</Year>
			<Month>4</Month>
			<Day>15</Day>
		</Date>
		<Time>
			<Hour>15</Hour>
			<Min>44</Min>
			<Sec>18</Sec>
		</Time>
		<Creator>TrIDScan/Py v2.01</Creator>
	</General>
	<FrontBlock>
		<Pattern>
			<Bytes>414D536864721A</Bytes>
			<ASCII> A M S h d r</ASCII>
			<Pos>0</Pos>
		</Pattern>
	</FrontBlock>
</TrID>