<TrID ver="2.00">
	<Info>
		<FileType>AND XSynth module</FileType>
		<Ext>AMX</Ext>
		<Mime>audio/x-mod</Mime>
		<ExtraInfo>
			<Rem></Rem>
			<RefURL>http://and.intercon.ru/</RefURL>
		</ExtraInfo>
		<User>Marco Pontello</User>
		<E-Mail>marcopon@gmail.com</E-Mail>
		<Home>http://mark0.net</Home>
	</Info>
	<General>
		<FileNum>2</FileNum>
		<Date>
			<Year>2015</Year>
			<Month>4</Month>
			<Day>4</Day>
		</Date>
		<Time>
			<Hour>1</Hour>
			<Min>26</Min>
			<Sec>4</Sec>
		</Time>
		<Creator>TrIDScan/Py v2.01</Creator>
	</General>
	<FrontBlock>
		<Pattern>
			<Bytes>414D58</Bytes>
			<ASCII> A M X</ASCII>
			<Pos>0</Pos>
		</Pattern>
	</FrontBlock>
</TrID>