<TrID ver="2.00">
	<Info>
		<FileType>Ableton Max Patch</FileType>
		<Ext>AMXD</Ext>
		<Mime>application/octet-stream</Mime>
		<ExtraInfo>
			<Rem></Rem>
			<RefURL>http://www.ableton.com/</RefURL>
		</ExtraInfo>
		<User>Marco Pontello</User>
		<E-Mail>marcopon@gmail.com</E-Mail>
		<Home>http://mark0.net</Home>
	</Info>
	<General>
		<FileNum>12</FileNum>
		<Refine>5 by Marco Pontello</Refine>
		<CheckStrings>True</CheckStrings>
		<Date>
			<Year>2016</Year>
			<Month>2</Month>
			<Day>20</Day>
		</Date>
		<Time>
			<Hour>15</Hour>
			<Min>9</Min>
			<Sec>53</Sec>
		</Time>
		<Creator>TrIDScan/Py v2.02</Creator>
	</General>
	<FrontBlock>
		<Pattern>
			<Bytes>616D706604000000</Bytes>
			<ASCII> a m p f</ASCII>
			<Pos>0</Pos>
		</Pattern>
	</FrontBlock>
	<GlobalStrings>
		<String>OPENINPRESENTATION</String>
		<String>DEFAULT_FONTFACE</String>
		<String>DEFAULT_FONTNAME</String>
		<String>DEFAULT_FONTSIZE</String>
		<String>BOXANIMATETIME</String>
		<String>GRIDSNAPONOPEN</String>
		<String>TOOLBARVISIBLE</String>
		<String>ENABLEHSCROLL</String>
		<String>ENABLEVSCROLL</String>
		<String>PATCHING_RECT</String>
		<String>DESTINATION</String>
		<String>DEVICEWIDTH</String>
		<String>FILEVERSION</String>
		<String>ARIAL BOLD</String>
		<String>GRIDONOPEN</String>
		<String>NUMOUTLETS</String>
		<String>OUTLETTYPE</String>
		<String>NUMINLETS</String>
		<String>PATCHLINE</String>
		<String>BGLOCKED</String>
		<String>GRIDSIZE</String>
		<String>MAXCLASS</String>
		<String>OPENRECT</String>
		<String>COMMENT</String>
		<String>IMPRINT</String>
		<String>LATENCY</String>
		<String>PATCHER</String>
		<String>HIDDEN</String>
		<String>NEWOBJ</String>
		<String>SOURCE</String>
		<String>BOXES</String>
		<String>LINES</String>
		<String>AMPF</String>
		<String>OBJ-</String>
		<String>PTCH</String>
		<String>TEXT</String>
	</GlobalStrings>
</TrID>