<TrID ver="2.00">
	<Info>
		<FileType>AceNotes PIM data</FileType>
		<Ext>AN2</Ext>
		<ExtraInfo>
			<Rem></Rem>
			<RefURL></RefURL>
		</ExtraInfo>
		<User>Marco Pontello</User>
		<E-Mail>marcopon@gmail.com</E-Mail>
		<Home>http://mark0.net</Home>
	</Info>
	<General>
		<FileNum>3</FileNum>
		<Date>
			<Year>2011</Year>
			<Month>6</Month>
			<Day>26</Day>
		</Date>
		<Time>
			<Hour>13</Hour>
			<Min>57</Min>
			<Sec>45</Sec>
		</Time>
		<Creator>TrIDScan/Py v1.79.11b</Creator>
	</General>
	<FrontBlock>
		<Pattern>
			<Bytes>4163654E6F74657332303030</Bytes>
			<ASCII> A c e N o t e s 2 0 0 0</ASCII>
			<Pos>0</Pos>
		</Pattern>
	</FrontBlock>
</TrID>