<TrID ver="2.00">
	<Info>
		<FileType>Anim8or project</FileType>
		<Ext>AN8</Ext>
		<Mime>text/plain</Mime>
		<ExtraInfo>
			<Rem></Rem>
			<RefURL>http://www.anim8or.com</RefURL>
		</ExtraInfo>
		<User>Marco Pontello</User>
		<E-Mail>marcopon@gmail.com</E-Mail>
		<Home>http://mark0.net</Home>
	</Info>
	<General>
		<FileNum>20</FileNum>
		<Refine>16 by Marco Pontello</Refine>
		<CheckStrings>True</CheckStrings>
		<Date>
			<Year>2015</Year>
			<Month>6</Month>
			<Day>8</Day>
		</Date>
		<Time>
			<Hour>15</Hour>
			<Min>52</Min>
			<Sec>13</Sec>
		</Time>
		<Creator>TrIDScan/Py v2.01</Creator>
	</General>
	<FrontBlock>
		<Pattern>
			<Bytes>686561646572207B</Bytes>
			<ASCII> h e a d e r   {</ASCII>
			<Pos>0</Pos>
		</Pattern>
	</FrontBlock>
	<GlobalStrings>
		<String>VERSION {</String>
		<String>BUILD {</String>
		<String>NT {</String>
	</GlobalStrings>
</TrID>