<TrID ver="2.00">
	<Info>
		<FileType>Motion Analysis Corp. ANC format</FileType>
		<Ext>ANC</Ext>
		<Mime>text/plain</Mime>
		<ExtraInfo>
			<Rem>A ANC file contains analog channels data stored in ASCII format.</Rem>
			<RefURL></RefURL>
		</ExtraInfo>
		<User>Marco Pontello</User>
		<E-Mail>marcopon@gmail.com</E-Mail>
		<Home>http://mark0.net</Home>
	</Info>
	<General>
		<FileNum>6</FileNum>
		<CheckStrings>True</CheckStrings>
		<Date>
			<Year>2015</Year>
			<Month>12</Month>
			<Day>17</Day>
		</Date>
		<Time>
			<Hour>18</Hour>
			<Min>5</Min>
			<Sec>32</Sec>
		</Time>
		<Creator>TrIDScan/Py v2.01</Creator>
	</General>
	<FrontBlock>
		<Pattern>
			<Bytes>46696C655F547970653A09416E616C6F6720522F432041534349490947656E65726174696F6E233A</Bytes>
			<ASCII> F i l e _ T y p e : . A n a l o g   R / C   A S C I I . G e n e r a t i o n # :</ASCII>
			<Pos>0</Pos>
		</Pattern>
	</FrontBlock>
	<GlobalStrings>
		<String>DURATION(SEC.)</String>
		<String>PRECISERATE</String>
		<String>BOARD_TYPE</String>
		<String>GENERATION</String>
		<String>L TIBIALIS</String>
		<String>R TIBIALIS</String>
		<String>TRIAL_NAME</String>
		<String>BITDEPTH</String>
		<String>CHANNELS</String>
		<String>L RECTUS</String>
		<String>POLARITY</String>
		<String>R RECTUS</String>
		<String>L VAST</String>
		<String>R VAST</String>
		<String>L SOL</String>
		<String>R SOL</String>
		<String>RANGE</String>
	</GlobalStrings>
</TrID>