<TrID ver="2.00">
	<Info>
		<FileType>PC Animate Plus Animation</FileType>
		<Ext>ANI</Ext>
		<Mime>application/octet-stream</Mime>
		<ExtraInfo>
			<Rem>Old DOS animation program.</Rem>
			<RefURL></RefURL>
		</ExtraInfo>
		<User>Marco Pontello</User>
		<E-Mail>marcopon@gmail.com</E-Mail>
		<Home>http://mark0.net</Home>
	</Info>
	<General>
		<FileNum>4</FileNum>
		<Date>
			<Year>2016</Year>
			<Month>10</Month>
			<Day>24</Day>
		</Date>
		<Time>
			<Hour>14</Hour>
			<Min>5</Min>
			<Sec>2</Sec>
		</Time>
		<Creator>TrIDScan/Py v2.02</Creator>
	</General>
	<FrontBlock>
		<Pattern>
			<Bytes>414E</Bytes>
			<ASCII> A N</ASCII>
			<Pos>0</Pos>
		</Pattern>
		<Pattern>
			<Bytes>0100</Bytes>
			<Pos>10</Pos>
		</Pattern>
	</FrontBlock>
</TrID>