<TrID ver="2.00">
	<Info>
		<FileType>Voxlap Animation</FileType>
		<Ext>ANIM</Ext>
		<Mime>application/octet-stream</Mime>
		<ExtraInfo>
			<Rem></Rem>
			<RefURL>https://en.wikipedia.org/wiki/Ken_Silverman#Voxlap</RefURL>
		</ExtraInfo>
		<User>Marco Pontello</User>
		<E-Mail>marcopon@gmail.com</E-Mail>
		<Home>http://mark0.net</Home>
	</Info>
	<General>
		<FileNum>5</FileNum>
		<CheckStrings>True</CheckStrings>
		<Date>
			<Year>2017</Year>
			<Month>3</Month>
			<Day>4</Day>
		</Date>
		<Time>
			<Hour>14</Hour>
			<Min>56</Min>
			<Sec>48</Sec>
		</Time>
		<Creator>TrIDScan/Py v2.02</Creator>
	</General>
	<FrontBlock>
		<Pattern>
			<Bytes>414E494D</Bytes>
			<ASCII> A N I M</ASCII>
			<Pos>0</Pos>
		</Pattern>
		<Pattern>
			<Bytes>6B76365C</Bytes>
			<ASCII> k v 6 \</ASCII>
			<Pos>13</Pos>
		</Pattern>
	</FrontBlock>
	<GlobalStrings>
		<String>IDLE</String>
	</GlobalStrings>
</TrID>