<TrID ver="2.00">
	<Info>
		<FileType>ClariSSA Super Smooth Animation</FileType>
		<Ext>ANIM</Ext>
		<Mime>application/octet-stream</Mime>
		<ExtraInfo>
			<Rem>Amiga animation format.</Rem>
			<RefURL></RefURL>
		</ExtraInfo>
		<User>Marco Pontello</User>
		<E-Mail>marcopon@gmail.com</E-Mail>
		<Home>http://mark0.net</Home>
	</Info>
	<General>
		<FileNum>7</FileNum>
		<Date>
			<Year>2016</Year>
			<Month>11</Month>
			<Day>3</Day>
		</Date>
		<Time>
			<Hour>22</Hour>
			<Min>48</Min>
			<Sec>51</Sec>
		</Time>
		<Creator>TrIDScan/Py v2.02</Creator>
	</General>
	<FrontBlock>
		<Pattern>
			<Bytes>464F524D00</Bytes>
			<ASCII> F O R M</ASCII>
			<Pos>0</Pos>
		</Pattern>
		<Pattern>
			<Bytes>53534120414E494D</Bytes>
			<ASCII> S S A   A N I M</ASCII>
			<Pos>8</Pos>
		</Pattern>
	</FrontBlock>
</TrID>