<TrID ver="2.00">
	<Info>
		<FileType>Anjuta IDE project</FileType>
		<Ext>ANJUTA</Ext>
		<ExtraInfo>
			<Rem></Rem>
			<RefURL>http://en.wikipedia.org/wiki/Anjuta</RefURL>
		</ExtraInfo>
		<User>Marco Pontello</User>
		<E-Mail>marcopon@gmail.com</E-Mail>
		<Home>http://mark0.net</Home>
	</Info>
	<General>
		<FileNum>4</FileNum>
		<CheckStrings>True</CheckStrings>
		<Date>
			<Year>2011</Year>
			<Month>12</Month>
			<Day>11</Day>
		</Date>
		<Time>
			<Hour>16</Hour>
			<Min>57</Min>
			<Sec>37</Sec>
		</Time>
		<Creator>TrIDScan/Py v1.79.12b</Creator>
	</General>
	<FrontBlock>
		<Pattern>
			<Bytes>3C3F786D6C2076657273696F6E3D22312E30223F3E0A3C616E6A7574613E0A</Bytes>
			<ASCII> . ? x m l   v e r s i o n = " 1 . 0 " ? . . . a n j u t a</ASCII>
			<Pos>0</Pos>
		</Pattern>
	</FrontBlock>
	<GlobalStrings>
		<String>SUPPORTED-PROJECT-TYPES</String>
		<String>IANJUTAPROJECTMANAGER</String>
		<String>SUPPORTED-BUILD-TYPES</String>
		<String>GBF PROJECT MANAGER</String>
		<String>MAKE BUILD SYSTEM</String>
		<String>IANJUTABUILDABLE</String>
		<String>ANJUTA PLUGIN</String>
		<String>REQUIRE GROUP</String>
		<String>PLUGIN NAME</String>
		<String>XML VERSION</String>
		<String>ANJUTA.ORG</String>
		<String>INTERFACES</String>
		<String>ATTRIBUTE</String>
		<String>MANDATORY</String>
		<String>PLUGINS</String>
		<String>VALUE</String>
		<String>HTTP</String>
	</GlobalStrings>
</TrID>