<TrID ver="2.00">
	<Info>
		<FileType>Children of the Nile city</FileType>
		<Ext>ANK</Ext>
		<ExtraInfo>
			<Rem></Rem>
			<RefURL>http://en.wikipedia.org/wiki/Immortal_Cities:_Children_of_the_Nile</RefURL>
		</ExtraInfo>
		<User>Marco Pontello</User>
		<E-Mail>marcopon@gmail.com</E-Mail>
		<Home>http://mark0.net</Home>
	</Info>
	<General>
		<FileNum>19</FileNum>
		<CheckStrings>True</CheckStrings>
		<Date>
			<Year>2013</Year>
			<Month>12</Month>
			<Day>13</Day>
		</Date>
		<Time>
			<Hour>14</Hour>
			<Min>59</Min>
			<Sec>1</Sec>
		</Time>
		<Creator>TrIDScan/Py v1.90</Creator>
	</General>
	<FrontBlock>
		<Pattern>
			<Bytes>0001000080</Bytes>
			<Pos>3</Pos>
		</Pattern>
		<Pattern>
			<Bytes>000000</Bytes>
			<Pos>9</Pos>
		</Pattern>
		<Pattern>
			<Bytes>00</Bytes>
			<Pos>13</Pos>
		</Pattern>
		<Pattern>
			<Bytes>00</Bytes>
			<Pos>15</Pos>
		</Pattern>
	</FrontBlock>
	<GlobalStrings>
		<String>N'O' 'G'A'M'E' 'D'E'S'C'R'I'P'T'I'O'N' 'P'R'O'V'I'D'E'D'.</String>
		<String>TPERSONALWATERCRAFTMANAGER</String>
		<String>TGOALCROSSMULTIPLERIVERS</String>
		<String>TTOWNHOUSEEVOLUTIONSTATE</String>
		<String>TGOALMOVEBARGETOLANDING</String>
		<String>TBARGEPASSENGERMANAGER</String>
		<String>TUNITCOMMANDERQUARTERS</String>
		<String>TWATERCRAFTTRAVELPLANS</String>
		<String>COPUGINTERIORLOCATION</String>
		<String>GOALGOVERNMENTTRADE</String>
		<String>TGOALBUYSOLDIERITEM</String>
		<String>TUNITTRANSPORTBARGE</String>
		<String>TGOALDISPATCHTROOP</String>
		<String>EESCENARIOMANAGER</String>
		<String>TDROPOFFPOINTUNIT</String>
		<String>TGOALPRIVATETRADE</String>
		<String>TGOALRETURNTOSHIP</String>
		<String>TGOALSTONECUTTING</String>
		<String>TUNITBARGELANDING</String>
		<String>TUNITSTATUETEMPLE</String>
		<String>EECOMPUTERPLAYER</String>
		<String>TEDICTSCONTAINER</String>
		<String>TGOALFISHINGBOAT</String>
		<String>TGOALSTOPANDCHAT</String>
		<String>TGOALTRADERLEAVE</String>
		<String>COPCOMPLEXUNITE</String>
		<String>TGOALCROSSRIVER</String>
		<String>TGOALUNLOADSLED</String>
		<String>TGOALYACHTBRAIN</String>
		<String>TMAINGAMEREPORT</String>
		<String>TPASSAGEREQUEST</String>
		<String>TPLAYERSETTINGS</String>
		<String>TUNITSHIPWRIGHT</String>
		<String>DATAPRELOADING</String>
		<String>TGOALGOSAILING</String>
		<String>TGOALMENAGERIE</String>
		<String>TQUARRYMANAGER</String>
		<String>EEGAMEOPTIONS</String>
		<String>EESMCONDITION</String>
		<String>GETERRAINMESH</String>
		<String>TGOALDOCKSHIP</String>
		<String>TGOALMOVESLED</String>
		<String>TPYRAMIDSTATE</String>
		<String>TUNITREADBOAT</String>
		<String>TUNITWITHDOCK</String>
		<String>ZLIB8'''''''X</String>
		<String>TQUARRYSTATE</String>
		<String>TSERVICEINFO</String>
		<String>TUNITWARSHIP</String>
		<String>TGOALPATROL</String>
		<String>TGOALQUARRY</String>
		<String>TPALACEUNIT</String>
		<String>TRIVERMODEL</String>
		<String>TUNITANIMAL</String>
		<String>EESMEFFECT</String>
		<String>EESMOBJECT</String>
		<String>TEDICTBASE</String>
		<String>TGOALCHILL</String>
		<String>TGOALSTUCK</String>
		<String>TUNITYACHT</String>
		<String>COPPLAYER</String>
		<String>COPUGFARM</String>
		<String>RTSPLAYER</String>
		<String>TGOALHUNT</String>
		<String>TTUTORIAL</String>
		<String>TUNITQUAY</String>
		<String>TUNITTOMB</String>
		<String>COPWORLD</String>
		<String>EESMAREA</String>
		<String>TDEITIES</String>
		<String>TMESSAGE</String>
		<String>.'A'N'K</String>
		<String>N'O'N'E</String>
		<String>TEVENTS</String>
		<String>EETILE</String>
		<String>TNAMES</String>
	</GlobalStrings>
</TrID>