<TrID ver="2.00">
	<Info>
		<FileType>Maeldemo Animation</FileType>
		<Ext>ANM</Ext>
		<Mime>application/octet-stream</Mime>
		<ExtraInfo>
			<Rem></Rem>
			<RefURL></RefURL>
		</ExtraInfo>
		<User>Marco Pontello</User>
		<E-Mail>marcopon@gmail.com</E-Mail>
		<Home>http://mark0.net</Home>
	</Info>
	<General>
		<FileNum>9</FileNum>
		<CheckStrings>True</CheckStrings>
		<Date>
			<Year>2016</Year>
			<Month>9</Month>
			<Day>19</Day>
		</Date>
		<Time>
			<Hour>15</Hour>
			<Min>52</Min>
			<Sec>11</Sec>
		</Time>
		<Creator>TrIDScan/Py v2.02</Creator>
	</General>
	<FrontBlock>
		<Pattern>
			<Bytes>414E494D</Bytes>
			<ASCII> A N I M</ASCII>
			<Pos>0</Pos>
		</Pattern>
		<Pattern>
			<Bytes>42504943</Bytes>
			<ASCII> B P I C</ASCII>
			<Pos>8</Pos>
		</Pattern>
	</FrontBlock>
	<GlobalStrings>
		<String>DFRM</String>
	</GlobalStrings>
</TrID>