<TrID ver="2.00">
	<Info>
		<FileType>League Of Legends bones based Animation</FileType>
		<Ext>ANM</Ext>
		<Mime>application/octet-stream</Mime>
		<ExtraInfo>
			<Rem></Rem>
			<RefURL>https://en.wikipedia.org/wiki/League_of_Legends</RefURL>
		</ExtraInfo>
		<User>Marco Pontello</User>
		<E-Mail>marcopon@gmail.com</E-Mail>
		<Home>http://mark0.net</Home>
	</Info>
	<General>
		<FileNum>5</FileNum>
		<Date>
			<Year>2016</Year>
			<Month>1</Month>
			<Day>9</Day>
		</Date>
		<Time>
			<Hour>18</Hour>
			<Min>33</Min>
			<Sec>23</Sec>
		</Time>
		<Creator>TrIDScan/Py v2.02</Creator>
	</General>
	<FrontBlock>
		<Pattern>
			<Bytes>72336432616E6D64</Bytes>
			<ASCII> r 3 d 2 a n m d</ASCII>
			<Pos>0</Pos>
		</Pattern>
	</FrontBlock>
</TrID>