<TrID ver="2.00">
	<Info>
		<FileType>Savage Warriors Animation</FileType>
		<Ext>ANM</Ext>
		<Mime>application/octet-stream</Mime>
		<ExtraInfo>
			<Rem></Rem>
			<RefURL></RefURL>
		</ExtraInfo>
		<User>Marco Pontello</User>
		<E-Mail>marcopon@gmail.com</E-Mail>
		<Home>http://mark0.net</Home>
	</Info>
	<General>
		<FileNum>4</FileNum>
		<Date>
			<Year>2016</Year>
			<Month>9</Month>
			<Day>19</Day>
		</Date>
		<Time>
			<Hour>15</Hour>
			<Min>54</Min>
			<Sec>59</Sec>
		</Time>
		<Creator>TrIDScan/Py v2.02</Creator>
	</General>
	<FrontBlock>
		<Pattern>
			<Bytes>4348434B00010300</Bytes>
			<ASCII> C H C K</ASCII>
			<Pos>0</Pos>
		</Pattern>
	</FrontBlock>
</TrID>