<TrID ver="2.00">
	<Info>
		<FileType>DeluxePaint Animation</FileType>
		<Ext>ANM</Ext>
		<Mime>application/octet-stream</Mime>
		<ExtraInfo>
			<Rem></Rem>
			<RefURL>https://en.wikipedia.org/wiki/Deluxe_Paint</RefURL>
		</ExtraInfo>
		<User>Marco Pontello</User>
		<E-Mail>marcopon@gmail.com</E-Mail>
		<Home>http://mark0.net</Home>
	</Info>
	<General>
		<FileNum>20</FileNum>
		<Refine>10 by Marco Pontello</Refine>
		<Date>
			<Year>2016</Year>
			<Month>9</Month>
			<Day>19</Day>
		</Date>
		<Time>
			<Hour>15</Hour>
			<Min>58</Min>
			<Sec>45</Sec>
		</Time>
		<Creator>TrIDScan/Py v2.02</Creator>
	</General>
	<FrontBlock>
		<Pattern>
			<Bytes>4C5046200001</Bytes>
			<ASCII> L P F</ASCII>
			<Pos>0</Pos>
		</Pattern>
		<Pattern>
			<Bytes>414E494D</Bytes>
			<ASCII> A N I M</ASCII>
			<Pos>16</Pos>
		</Pattern>
	</FrontBlock>
</TrID>