<TrID ver="2.00">
	<Info>
		<FileType>The Binding of Isaac: Rebirth animation</FileType>
		<Ext>ANM2</Ext>
		<Mime>text/xml</Mime>
		<ExtraInfo>
			<Rem></Rem>
			<RefURL></RefURL>
		</ExtraInfo>
		<User>Marco Pontello</User>
		<E-Mail>marcopon@gmail.com</E-Mail>
		<Home>http://mark0.net</Home>
	</Info>
	<General>
		<FileNum>59</FileNum>
		<CheckStrings>True</CheckStrings>
		<Date>
			<Year>2016</Year>
			<Month>2</Month>
			<Day>12</Day>
		</Date>
		<Time>
			<Hour>16</Hour>
			<Min>41</Min>
			<Sec>49</Sec>
		</Time>
		<Creator>TrIDScan/Py v2.02</Creator>
	</General>
	<FrontBlock>
		<Pattern>
			<Bytes>3C416E696D617465644163746F723E</Bytes>
			<ASCII> . A n i m a t e d A c t o r</ASCII>
			<Pos>0</Pos>
		</Pattern>
	</FrontBlock>
	<GlobalStrings>
		<String>ANIMATIONS DEFAULTANIMATION</String>
		<String>SPRITESHEET PATH</String>
		<String>LAYERANIMATIONS</String>
		<String>ANIMATION NAME</String>
		<String>NULLANIMATIONS</String>
		<String>ROOTANIMATION</String>
		<String>SPRITESHEETID</String>
		<String>SPRITESHEETS</String>
		<String>LAYER NAME</String>
		<String>FRAMENUM</String>
		<String>TRIGGERS</String>
		<String>CONTENT</String>
		<String>EVENTS</String>
		<String>LAYERS</String>
		<String>FALSE</String>
		<String>NULLS</String>
		<String>.PNG</String>
		<String>LOOP</String>
	</GlobalStrings>
</TrID>