<TrID ver="2.00">
	<Info>
		<FileType>Artlantis Object File</FileType>
		<Ext>AOF</Ext>
		<Mime>text/xml</Mime>
		<ExtraInfo>
			<Rem></Rem>
			<RefURL>http://www.artlantis.com/</RefURL>
		</ExtraInfo>
		<User>Marco Pontello</User>
		<E-Mail>marcopon@gmail.com</E-Mail>
		<Home>http://mark0.net</Home>
	</Info>
	<General>
		<FileNum>33</FileNum>
		<Refine>12 by Marco Pontello</Refine>
		<CheckStrings>True</CheckStrings>
		<Date>
			<Year>2016</Year>
			<Month>7</Month>
			<Day>11</Day>
		</Date>
		<Time>
			<Hour>14</Hour>
			<Min>44</Min>
			<Sec>42</Sec>
		</Time>
		<Creator>TrIDScan/Py v2.02</Creator>
	</General>
	<FrontBlock>
		<Pattern>
			<Bytes>3C3F786D6C2076657273696F6E3D22312E302220656E636F64696E673D225554462D38223F3E</Bytes>
			<ASCII> . ? x m l   v e r s i o n = " 1 . 0 "   e n c o d i n g = " U T F - 8 " ?</ASCII>
			<Pos>0</Pos>
		</Pattern>
	</FrontBlock>
	<GlobalStrings>
		<String>INTERNALCOMPONENTDEFINITIONS</String>
		<String>GLOBAL.ILLUMINATION.QUALITY</String>
		<String>GLOBAL.ILLUMINATION.POWER</String>
		<String>LAYERS.INFO ACTIVE.LAYER</String>
		<String>BACKGROUND.PICTURE TYPE</String>
		<String>MODEL.ROTATION.MATRIXS</String>
		<String>IMAGE.SETTINGS.FILTER</String>
		<String>GROUND MATERIAL NAME</String>
		<String>DEPTH.OF.FIELD TYPE</String>
		<String>INTENSITY.THRESHOLD</String>
		<String>OVERLOAD.PROP.INDEX</String>
		<String>CLEARNESS.DIST.INV</String>
		<String>CLEARNESS.SIZE.INV</String>
		<String>SKY.LIGHT SKY.TYPE</String>
		<String>CONTOUR.THRESHOLD</String>
		<String>DEFAULT.LAYER.MAP</String>
		<String>OBJECT.DEFINITION</String>
		<String>PERSPECTIVE.VIEWS</String>
		<String>RADIOSITY.QUALITY</String>
		<String>APPLICATION NAME</String>
		<String>DISTANCE.MAXIMUM</String>
		<String>DISTANCE.MINIMUM</String>
		<String>HELIODON.NAME EN</String>
		<String>OBJECT.INSTANCES</String>
		<String>RADIOSITY.FACTOR</String>
		<String>REFLECTION.LIMIT</String>
		<String>RESOLUTION.LEVEL</String>
		<String>TEMPORAL.QUALITY</String>
		<String>USE.TRANSPARENCY</String>
		<String>CLEARNESS.POINT</String>
		<String>DIRECTION.ANGLE</String>
		<String>EXPOSURE.FILTER</String>
		<String>FREQUENCY.VALUE</String>
		<String>HATCHING.FILTER</String>
		<String>INSERTIONOBJECT</String>
		<String>LENS.FLARE TYPE</String>
		<String>RADIOSITY.LIGHT</String>
		<String>SPACIAL.QUALITY</String>
		<String>ANIMATEDOBJECT</String>
		<String>CLOUD.COVERAGE</String>
		<String>DENSITY.MEDIUM</String>
		<String>EMITTING.COLOR</String>
		<String>EMITTING.POWER</String>
		<String>FREQUENCY.TYPE</String>
		<String>FREQUENCY.UNIT</String>
		<String>KEY.FRAME.RATE</String>
		<String>MODEL.POSITION</String>
		<String>MOVIE.DURATION</String>
		<String>NB.REFLECTIONS</String>
		<String>NB.REFRACTIONS</String>
		<String>PARALLEL.VIEWS</String>
		<String>PLACEMENT.KIND</String>
		<String>RECEIVE.SHADOW</String>
		<String>START.DISTANCE</String>
		<String>WIND.DIRECTION</String>
		<String>WORKING.WINDOW</String>
		<String>COLORBLEEDING</String>
		<String>FOREGROUNG ID</String>
		<String>INITIAL.ANGLE</String>
		<String>INSTANCE.DATA</String>
		<String>LIGHTS.GROUPS</String>
		<String>PREVIEW.IMAGE</String>
		<String>RENDERER.INFO</String>
		<String>SKY.MIX.COLOR</String>
		<String>UNINITIALIZED</String>
		<String>CAMERA.LIGHT</String>
		<String>CLIPPING.BOX</String>
		<String>DENSITY.HIGH</String>
		<String>DESCRIPTION1</String>
		<String>END.DISTANCE</String>
		<String>FIRST.BOUNCE</String>
		<String>FIXED.VERTEX</String>
		<String>GRAIN.FILTER</String>
		<String>LIGHTGROUPID</String>
		<String>MODEL.ORIGIN</String>
		<String>NEXT.BOUNCES</String>
		<String>RENDER.FIRST</String>
		<String>SAFE_VERSION</String>
		<String>SECOND.COLOR</String>
		<String>SHADOW.POWER</String>
		<String>STRATUS.SEED</String>
		<String>STRATUS.SIZE</String>
		<String>UP.DIRECTION</String>
		<String>VIEW.OBJECTS</String>
		<String>ATL LIBRARY</String>
		<String>ATTENUATION</String>
		<String>CAST.SHADOW</String>
		<String>COMPRESSION</String>
		<String>DENSITY.LOW</String>
		<String>ENVIRONMENT</String>
		<String>FIRST.COLOR</String>
		<String>LIGHTOBJECT</String>
		<String>MIN_VERSION</String>
		<String>NORTH.ANGLE</String>
		<String>OBJECT.DATA</String>
		<String>OUTPUT.TYPE</String>
		<String>OVERLOAD.ID</String>
		<String>RENDER.LAST</String>
		<String>SHADER.NAME</String>
		<String>SHORT.RANGE</String>
		<String>TARGET.TYPE</String>
		<String>THIRD.COLOR</String>
		<String>TRANSPARENT</String>
		<String>USE.DEFAULT</String>
		<String>XML VERSION</String>
		<String>ANIMATIONS</String>
		<String>ATMOSPHERE</String>
		<String>BILLBOARDS</String>
		<String>BRIGHTNESS</String>
		<String>COLOR.TYPE</String>
		<String>IMAGE.TYPE</String>
		<String>LENSFLARE1</String>
		<String>LINE INDEX</String>
		<String>LINE.POWER</String>
		<String>LONG.RANGE</String>
		<String>LUMINOSITY</String>
		<String>NEON.COLOR</String>
		<String>NEON.VALUE</String>
		<String>POSITION.X</String>
		<String>POSITION.Y</String>
		<String>PROPERTIES</String>
		<String>RAYTRACING</String>
		<String>RENDER.ALL</String>
		<String>SATURATION</String>
		<String>START.TIME</String>
		<String>VIEW.FLAGS</String>
		<String>WIND.SPEED</String>
		<String>ANTIALIAS</String>
		<String>ARTLANTIS</String>
		<String>ATLOBJECT</String>
		<String>AUTOMATIC</String>
		<String>EXCELLENT</String>
		<String>FROMPOINT</String>
		<String>GRADUATED</String>
		<String>HELIODONS</String>
		<String>LONGITUDE</String>
		<String>OBJECT.ID</String>
		<String>PANORAMAS</String>
		<String>POLLUTION</String>
		<String>RENDERING</String>
		<String>SCENARIOS</String>
		<String>SUN.COLOR</String>
		<String>VIEW.INFO</String>
		<String>ALTITUDE</String>
		<String>ATL.FILE</String>
		<String>CLASS EN</String>
		<String>CMPQTIME</String>
		<String>CONTRAST</String>
		<String>ENCODING</String>
		<String>END.TIME</String>
		<String>H.OFFSET</String>
		<String>LATITUDE</String>
		<String>POLYGONS</String>
		<String>PROPERTY</String>
		<String>SCALE.ON</String>
		<String>SPECULAR</String>
		<String>SUN.BLUR</String>
		<String>SUNSHINE</String>
		<String>TIMEZONE</String>
		<String>UI.VALUE</String>
		<String>V.OFFSET</String>
		<String>AMBIENT</String>
		<String>COMMENT</String>
		<String>DIFFUSE</String>
		<String>FILTERS</String>
		<String>GROUNDS</String>
		<String>MINUTES</String>
		<String>OPTIONS</String>
		<String>UIVALUE</String>
		<String>VISIBLE</String>
		<String>ANCHOR</String>
		<String>CLOUDS</String>
		<String>CMPTGA</String>
		<String>COLORS</String>
		<String>GLOSSY</String>
		<String>HEIGHT</String>
		<String>IMAGES</String>
		<String>POINTS</String>
		<String>SETUPS</String>
		<String>SMOOTH</String>
		<String>CDATA</String>
		<String>CODEC</String>
		<String>DAILY</String>
		<String>FOCAL</String>
		<String>MONTH</String>
		<String>NOISE</String>
		<String>PATHS</String>
		<String>PLANT</String>
		<String>THETA</String>
		<String>UTF-8</String>
		<String>WIDTH</String>
		<String>HOUR</String>
		<String>JPEG</String>
		<String>LEAF</String>
		<String>NODE</String>
		<String>NONE</String>
		<String>ROLL</String>
		<String>UUID</String>
		<String>YEAR</String>
	</GlobalStrings>
</TrID>