<TrID ver="2.00">
	<Info>
		<FileType>Art Of Noise MF instrument (v1.x)</FileType>
		<Ext>FM</Ext>
		<Mime>application/octet-stream</Mime>
		<ExtraInfo>
			<Rem>Amiga tracker by Bastian Spiegel.</Rem>
			<RefURL>http://www.exotica.org.uk/wiki/Art_of_Noise</RefURL>
		</ExtraInfo>
		<User>Marco Pontello</User>
		<E-Mail>marcopon@gmail.com</E-Mail>
		<Home>http://mark0.net</Home>
	</Info>
	<General>
		<FileNum>33</FileNum>
		<Date>
			<Year>2016</Year>
			<Month>11</Month>
			<Day>7</Day>
		</Date>
		<Time>
			<Hour>20</Hour>
			<Min>27</Min>
			<Sec>29</Sec>
		</Time>
		<Creator>TrIDScan/Py v2.02</Creator>
	</General>
	<FrontBlock>
		<Pattern>
			<Bytes>414F4E2D464D31</Bytes>
			<ASCII> A O N - F M 1</ASCII>
			<Pos>0</Pos>
		</Pattern>
	</FrontBlock>
</TrID>