<TrID ver="2.00">
	<Info>
		<FileType>Art Of Noise 8-channel module</FileType>
		<Ext>AON</Ext>
		<Mime>audio/x-mod</Mime>
		<ExtraInfo>
			<Rem></Rem>
			<RefURL>http://www.exotica.org.uk/wiki/Art_of_Noise</RefURL>
		</ExtraInfo>
		<User>Marco Pontello</User>
		<E-Mail>marcopon@gmail.com</E-Mail>
		<Home>http://mark0.net</Home>
	</Info>
	<General>
		<FileNum>5</FileNum>
		<CheckStrings>True</CheckStrings>
		<Date>
			<Year>2015</Year>
			<Month>4</Month>
			<Day>4</Day>
		</Date>
		<Time>
			<Hour>2</Hour>
			<Min>15</Min>
			<Sec>26</Sec>
		</Time>
		<Creator>TrIDScan/Py v2.01</Creator>
	</General>
	<FrontBlock>
		<Pattern>
			<Bytes>414F4E386172746F666E6F697365206279206261737469616E207370696567656C202874776963652F6C65676F29</Bytes>
			<ASCII> A O N 8 a r t o f n o i s e   b y   b a s t i a n   s p i e g e l   ( t w i c e / l e g o )</ASCII>
			<Pos>0</Pos>
		</Pattern>
	</FrontBlock>
	<GlobalStrings>
		<String>ARPG</String>
		<String>INFO</String>
		<String>INST</String>
		<String>PATT</String>
		<String>PLST</String>
		<String>WAVE</String>
		<String>WLEN</String>
	</GlobalStrings>
</TrID>