<TrID ver="2.00">
	<Info>
		<FileType>AOS File Format</FileType>
		<Ext>AOS</Ext>
		<Mime>application/octet-stream</Mime>
		<ExtraInfo>
			<Rem></Rem>
			<RefURL>http://donat.org/archos/wiki/doku.php?id=aos_file_format</RefURL>
		</ExtraInfo>
		<User>Marco Pontello</User>
		<E-Mail>marcopon@gmail.com</E-Mail>
		<Home>http://mark0.net</Home>
	</Info>
	<General>
		<FileNum>7</FileNum>
		<Refine>1 by Marco Pontello</Refine>
		<CheckStrings>True</CheckStrings>
		<Date>
			<Year>2016</Year>
			<Month>2</Month>
			<Day>13</Day>
		</Date>
		<Time>
			<Hour>2</Hour>
			<Min>30</Min>
			<Sec>22</Sec>
		</Time>
		<Creator>TrIDScan/Py v2.02</Creator>
	</General>
	<FrontBlock>
		<Pattern>
			<Bytes>52494646</Bytes>
			<ASCII> R I F F</ASCII>
			<Pos>0</Pos>
		</Pattern>
	</FrontBlock>
	<GlobalStrings>
		<String>CCOD</String>
		<String>SIGN</String>
	</GlobalStrings>
</TrID>