<TrID ver="2.00">
	<Info>
		<FileType>ALICE: The Personal Pascal Program</FileType>
		<Ext>AP</Ext>
		<Mime>application/octet-stream</Mime>
		<ExtraInfo>
			<Rem>Pascal syntax-directed programming environment.</Rem>
			<RefURL>http://www.templetons.com/brad/alice.html</RefURL>
		</ExtraInfo>
		<User>Marco Pontello</User>
		<E-Mail>marcopon@gmail.com</E-Mail>
		<Home>http://mark0.net</Home>
	</Info>
	<General>
		<FileNum>27</FileNum>
		<Date>
			<Year>2016</Year>
			<Month>11</Month>
			<Day>21</Day>
		</Date>
		<Time>
			<Hour>3</Hour>
			<Min>27</Min>
			<Sec>23</Sec>
		</Time>
		<Creator>TrIDScan/Py v2.02</Creator>
	</General>
	<FrontBlock>
		<Pattern>
			<Bytes>4150040000000200</Bytes>
			<ASCII> A P</ASCII>
			<Pos>0</Pos>
		</Pattern>
	</FrontBlock>
</TrID>