<TrID ver="1.18">
	<Info>
		<FileType>ArmPack Archive File</FileType>
		<Ext>AP</Ext>
		<ExtraInfo>
			<Rem></Rem>
			<RefURL></RefURL>
		</ExtraInfo>
		<User>.Cryorb</User>
		<E-Mail>vy@nospam@tut.by</E-Mail>
		<Home></Home>
	</Info>
	<General>
		<FileNum>11</FileNum>
		<Date>
			<Year>2003</Year>
			<Month>09</Month>
			<Day>28</Day>
		</Date>
		<Time>
			<Hour>10</Hour>
			<Min>01</Min>
			<Sec>03</Sec>
		</Time>
		<Creator>TrIDScan32 v1.23</Creator>
	</General>
	<FrontBlock>
		<Pattern>
			<Bytes>41502100</Bytes>
			<ASCII> A P !</ASCII>
			<Pos>0</Pos>
		</Pattern>
	</FrontBlock>
</TrID>
