<TrID ver="2.00">
	<Info>
		<FileType>AVM APEX sample studio sound bank</FileType>
		<Ext>APEX</Ext>
		<Mime>application/octet-stream</Mime>
		<ExtraInfo>
			<Rem>Old PC sound card.</Rem>
			<RefURL></RefURL>
		</ExtraInfo>
		<User>Marco Pontello</User>
		<E-Mail>marcopon@gmail.com</E-Mail>
		<Home>http://mark0.net</Home>
	</Info>
	<General>
		<FileNum>4</FileNum>
		<Date>
			<Year>2017</Year>
			<Month>3</Month>
			<Day>29</Day>
		</Date>
		<Time>
			<Hour>22</Hour>
			<Min>30</Min>
			<Sec>20</Sec>
		</Time>
		<Creator>TrIDScan/Py v2.02</Creator>
	</General>
	<FrontBlock>
		<Pattern>
			<Bytes>41564D2053616D706C652053747564696F0000000000000000000000000000004B75727A7765696C20</Bytes>
			<ASCII> A V M   S a m p l e   S t u d i o . . . . . . . . . . . . . . . K u r z w e i l</ASCII>
			<Pos>0</Pos>
		</Pattern>
	</FrontBlock>
</TrID>