<TrID ver="2.00">
	<Info>
		<FileType>ARM Project Manager Project</FileType>
		<Ext>APJ</Ext>
		<Mime>application/octet-stream</Mime>
		<ExtraInfo>
			<Rem></Rem>
			<RefURL></RefURL>
		</ExtraInfo>
		<User>Marco Pontello</User>
		<E-Mail>marcopon@gmail.com</E-Mail>
		<Home>http://mark0.net</Home>
	</Info>
	<General>
		<FileNum>6</FileNum>
		<Date>
			<Year>2017</Year>
			<Month>1</Month>
			<Day>19</Day>
		</Date>
		<Time>
			<Hour>17</Hour>
			<Min>33</Min>
			<Sec>45</Sec>
		</Time>
		<Creator>TrIDScan/Py v2.02</Creator>
	</General>
	<FrontBlock>
		<Pattern>
			<Bytes>41504A00</Bytes>
			<ASCII> A P J</ASCII>
			<Pos>0</Pos>
		</Pattern>
		<Pattern>
			<Bytes>41524D2045786563757461626C6520496D616765</Bytes>
			<ASCII> A R M   E x e c u t a b l e   I m a g e</ASCII>
			<Pos>26</Pos>
		</Pattern>
	</FrontBlock>
</TrID>