<TrID ver="2.00">
	<Info>
		<FileType>Exported Anki Flashcard Deck</FileType>
		<Ext>APKG</Ext>
		<ExtraInfo>
			<Rem></Rem>
			<RefURL>http://en.wikipedia.org/wiki/Anki_(software)</RefURL>
		</ExtraInfo>
		<User>Marco Pontello</User>
		<E-Mail>marcopon@gmail.com</E-Mail>
		<Home>http://mark0.net</Home>
	</Info>
	<General>
		<FileNum>4</FileNum>
		<CheckStrings>True</CheckStrings>
		<Date>
			<Year>2014</Year>
			<Month>11</Month>
			<Day>16</Day>
		</Date>
		<Time>
			<Hour>20</Hour>
			<Min>50</Min>
			<Sec>56</Sec>
		</Time>
		<Creator>TrIDScan/Py v1.90</Creator>
	</General>
	<FrontBlock>
		<Pattern>
			<Bytes>504B0304</Bytes>
			<ASCII> P K</ASCII>
			<Pos>0</Pos>
		</Pattern>
		<Pattern>
			<Bytes>0010000000636F6C6C656374696F6E2E616E6B6932</Bytes>
			<ASCII> . . . . . c o l l e c t i o n . a n k i 2</ASCII>
			<Pos>25</Pos>
		</Pattern>
	</FrontBlock>
	<GlobalStrings>
		<String>COLLECTION.ANKI2PK</String>
		<String>MEDIAPK</String>
	</GlobalStrings>
</TrID>