<TrID ver="2.00">
	<Info>
		<FileType>Team Developer / SQLWindows application (binary)</FileType>
		<Ext>APL/APP</Ext>
		<Mime>text/plain</Mime>
		<ExtraInfo>
			<Rem></Rem>
			<RefURL>https://en.wikipedia.org/wiki/Gupta_Technologies</RefURL>
		</ExtraInfo>
		<User>Marco Pontello</User>
		<E-Mail>marcopon@gmail.com</E-Mail>
		<Home>http://mark0.net</Home>
	</Info>
	<General>
		<FileNum>3</FileNum>
		<Date>
			<Year>2017</Year>
			<Month>1</Month>
			<Day>25</Day>
		</Date>
		<Time>
			<Hour>21</Hour>
			<Min>51</Min>
			<Sec>24</Sec>
		</Time>
		<Creator>TrIDScan/Py v2.02</Creator>
	</General>
	<FrontBlock>
		<Pattern>
			<Bytes>4D474452</Bytes>
			<ASCII> M G D R</ASCII>
			<Pos>0</Pos>
		</Pattern>
	</FrontBlock>
</TrID>