<TrID ver="2.00">
    <Info>
        <FileType>Aldus Placeable Metafile</FileType>
        <Ext>APM</Ext>
        <ExtraInfo>
            <Rem>(Need to be checked! if you can verify, let me know! THX!)</Rem>
            <RefURL>http://www.whisqu.se/per/docs/wmf.htm</RefURL>
        </ExtraInfo>
        <User>Marco Pontello</User>
        <E-Mail>marcopon@gmail.com</E-Mail>
        <Home>http://mark0.net</Home>
    </Info>
    <General>
        <FileNum>2</FileNum>
        <Date>
            <Year>2003</Year>
            <Month>11</Month>
            <Day>26</Day>
        </Date>
        <Time>
            <Hour>21</Hour>
            <Min>29</Min>
            <Sec>22</Sec>
        </Time>
        <Creator>TrIDScan32 v1.55</Creator>
    </General>
    <FrontBlock>
        <Pattern>
            <Bytes>D7CDC69A0000</Bytes>
            <Pos>0</Pos>
        </Pattern>
        <Pattern>
            <Bytes>0000</Bytes>
            <Pos>18</Pos>
        </Pattern>
    </FrontBlock>
</TrID>
