<TrID ver="2.00">
	<Info>
		<FileType>Z88 App info</FileType>
		<Ext>APP</Ext>
		<Mime>application/octet-stream</Mime>
		<ExtraInfo>
			<Rem>Used by the Z88 Installer.</Rem>
			<RefURL></RefURL>
		</ExtraInfo>
		<User>Marco Pontello</User>
		<E-Mail>marcopon@gmail.com</E-Mail>
		<Home>http://mark0.net</Home>
	</Info>
	<General>
		<FileNum>7</FileNum>
		<Date>
			<Year>2015</Year>
			<Month>4</Month>
			<Day>16</Day>
		</Date>
		<Time>
			<Hour>12</Hour>
			<Min>39</Min>
			<Sec>21</Sec>
		</Time>
		<Creator>TrIDScan/Py v2.01</Creator>
	</General>
	<FrontBlock>
		<Pattern>
			<Bytes>A55A</Bytes>
			<ASCII> . Z</ASCII>
			<Pos>0</Pos>
		</Pattern>
		<Pattern>
			<Bytes>000000</Bytes>
			<Pos>3</Pos>
		</Pattern>
	</FrontBlock>
</TrID>