<TrID ver="2.00">
	<Info>
		<FileType>Cybiko Application</FileType>
		<Ext>APP</Ext>
		<Mime>application/octet-stream</Mime>
		<ExtraInfo>
			<Rem></Rem>
			<RefURL>https://en.wikipedia.org/wiki/Cybiko</RefURL>
		</ExtraInfo>
		<User>Marco Pontello</User>
		<E-Mail>marcopon@gmail.com</E-Mail>
		<Home>http://mark0.net</Home>
	</Info>
	<General>
		<FileNum>17</FileNum>
		<CheckStrings>True</CheckStrings>
		<Date>
			<Year>2017</Year>
			<Month>1</Month>
			<Day>2</Day>
		</Date>
		<Time>
			<Hour>18</Hour>
			<Min>16</Min>
			<Sec>15</Sec>
		</Time>
		<Creator>TrIDScan/Py v2.02</Creator>
	</General>
	<FrontBlock>
		<Pattern>
			<Bytes>4379</Bytes>
			<ASCII> C y</ASCII>
			<Pos>0</Pos>
		</Pattern>
	</FrontBlock>
	<GlobalStrings>
		<String>ROOT.INF</String>
		<String>MAIN.E</String>
	</GlobalStrings>
</TrID>