<TrID ver="2.00">
	<Info>
		<FileType>PSION Application/Image executable</FileType>
		<Ext>APP/IMG</Ext>
		<Mime>application/octet-stream</Mime>
		<ExtraInfo>
			<Rem></Rem>
			<RefURL>http://fileformats.archiveteam.org/wiki/Psion_IMG/APP</RefURL>
		</ExtraInfo>
		<User>Marco Pontello</User>
		<E-Mail>marcopon@gmail.com</E-Mail>
		<Home>http://mark0.net</Home>
	</Info>
	<General>
		<FileNum>6</FileNum>
		<Date>
			<Year>2016</Year>
			<Month>11</Month>
			<Day>12</Day>
		</Date>
		<Time>
			<Hour>20</Hour>
			<Min>0</Min>
			<Sec>33</Sec>
		</Time>
		<Creator>TrIDScan/Py v2.02</Creator>
	</General>
	<FrontBlock>
		<Pattern>
			<Bytes>496D61676546696C65547970652A2A</Bytes>
			<ASCII> I m a g e F i l e T y p e * *</ASCII>
			<Pos>0</Pos>
		</Pattern>
	</FrontBlock>
</TrID>