<TrID ver="2.00">
	<Info>
		<FileType>EPOC/Symbian OPL Application</FileType>
		<Ext>APP</Ext>
		<Mime>application/x-epoc-app</Mime>
		<ExtraInfo>
			<Rem></Rem>
			<RefURL>https://en.wikipedia.org/wiki/Open_Programming_Language</RefURL>
		</ExtraInfo>
		<User>Marco Pontello</User>
		<E-Mail>marcopon@gmail.com</E-Mail>
		<Home>http://mark0.net</Home>
	</Info>
	<General>
		<FileNum>25</FileNum>
		<Date>
			<Year>2016</Year>
			<Month>11</Month>
			<Day>12</Day>
		</Date>
		<Time>
			<Hour>3</Hour>
			<Min>6</Min>
			<Sec>49</Sec>
		</Time>
		<Creator>TrIDScan/Py v2.02</Creator>
	</General>
	<FrontBlock>
		<Pattern>
			<Bytes>3700001074000010</Bytes>
			<ASCII> 7 . . . t</ASCII>
			<Pos>0</Pos>
		</Pattern>
	</FrontBlock>
</TrID>