<TrID ver="2.00">
	<Info>
		<FileType>AppImage Portable Linux App</FileType>
		<Ext>RUN</Ext>
		<Mime>application/octet-stream</Mime>
		<ExtraInfo>
			<Rem>Packaged desktop application that run on common Linux-based operating systems.</Rem>
			<RefURL>http://portablelinuxapps.org/</RefURL>
		</ExtraInfo>
		<User>Marco Pontello</User>
		<E-Mail>marcopon@gmail.com</E-Mail>
		<Home>http://mark0.net</Home>
	</Info>
	<General>
		<FileNum>33</FileNum>
		<CheckStrings>True</CheckStrings>
		<Date>
			<Year>2015</Year>
			<Month>11</Month>
			<Day>25</Day>
		</Date>
		<Time>
			<Hour>1</Hour>
			<Min>47</Min>
			<Sec>27</Sec>
		</Time>
		<Creator>TrIDScan/Py v2.01</Creator>
	</General>
	<FrontBlock>
		<Pattern>
			<Bytes>7F454C46</Bytes>
			<ASCII> . E L F</ASCII>
			<Pos>0</Pos>
		</Pattern>
		<Pattern>
			<Bytes>01010000000000000000000200</Bytes>
			<Pos>5</Pos>
		</Pattern>
		<Pattern>
			<Bytes>0001000000</Bytes>
			<Pos>19</Pos>
		</Pattern>
		<Pattern>
			<Bytes>000000</Bytes>
			<Pos>29</Pos>
		</Pattern>
		<Pattern>
			<Bytes>000000000000</Bytes>
			<Pos>34</Pos>
		</Pattern>
		<Pattern>
			<Bytes>00</Bytes>
			<Pos>43</Pos>
		</Pattern>
		<Pattern>
			<Bytes>00</Bytes>
			<Pos>45</Pos>
		</Pattern>
		<Pattern>
			<Bytes>00</Bytes>
			<Pos>47</Pos>
		</Pattern>
		<Pattern>
			<Bytes>00</Bytes>
			<Pos>49</Pos>
		</Pattern>
		<Pattern>
			<Bytes>00</Bytes>
			<Pos>51</Pos>
		</Pattern>
		<Pattern>
			<Bytes>00</Bytes>
			<Pos>53</Pos>
		</Pattern>
		<Pattern>
			<Bytes>00</Bytes>
			<Pos>55</Pos>
		</Pattern>
		<Pattern>
			<Bytes>00</Bytes>
			<Pos>57</Pos>
		</Pattern>
		<Pattern>
			<Bytes>00</Bytes>
			<Pos>59</Pos>
		</Pattern>
	</FrontBlock>
	<GlobalStrings>
		<String>RRIP_1991ATHE ROCK RIDGE INTERCHANGE PROTOCOL PROVIDES SUPPORT FOR POSIX FILE SYSTEM SEMANTICSPLEASE CONTACT DISC PUBLISHER FOR SPECIFICATION SOURCE.  SEE PUBLISHER IDENTIFIER IN PRIMARY VOLUME DESCRIPTOR FOR CONTACT INFORMATION.</String>
		<String>.SHSTRTAB'.INTERP'.NOTE.ABI-TAG'.NOTE.GNU.BUILD-ID'.GNU.HASH'.DYNSYM'.DYNSTR'.GNU.VERSION'.GNU.VERSION_R'.REL</String>
		<String>.PLT'.INIT'.TEXT'.FINI'.RODATA'.EH_FRAME_HDR'.EH_FRAME'.</String>
		<String>.JCR'.DYNAMIC'.GOT'.GOT.PLT'.DATA'.BSS'.COMMENT</String>
		<String>G_RETURN_IF_FAIL_WARNING'G_STRDUP'G_</String>
		<String>__GMON_START__'_JV_REGISTERCLASSES</String>
		<String>RINDEX'MKTIME'ICONV'ICONV_OPEN</String>
		<String>FUSE_MAIN_REAL_COMPAT22'LIB</String>
		<String>NULL'UNSUPPORTED FILE'CD001</String>
		<String>IT'_EDATA'__BSS_START'_END</String>
		<String>EXE'-O'RO'OPEN DIR ERROR</String>
		<String>LIBZ.SO.1'UNCOMPRESS'LIB</String>
		<String>SUPPLIED IMAGE FILE NAME</String>
		<String>CREATE MOUNT POINT'CAN</String>
		<String>DELETE MOUNT POINT'CAN</String>
		<String>G_HASH_TABLE_INSERT'G_</String>
		<String>G_HASH_TABLE_NEW'G_STR</String>
		<String>UCS-2BE'DOES NOT EXIST</String>
		<String>CHECK MOUNT POINT'CAN</String>
		<String>PTHREAD_MUTEX_LOCK'L</String>
		<String>PTHREAD_MUTEX_UNLOCK</String>
		<String>G_HASH_TABLE_LOOKUP</String>
		<String>LOCAL_G_STRV_LENGTH</String>
		<String>PIPE'PERROR'STRNCPY</String>
		<String>FUSE_2.5'GLIBC_2.</String>
		<String>MKDIR'GETPID'KILL</String>
		<String>SET EXIT FUNCTION</String>
		<String>__LIBC_START_MAIN</String>
		<String>LIBGLIB-2.0.SO.0</String>
		<String>__ERRNO_LOCATION</String>
		<String>LIBPTHREAD.SO.0</String>
		<String>OPEN IMAGE FILE</String>
		<String>G_STRCONCAT'G_</String>
		<String>G_STR_EQUAL'G_</String>
		<String>PTHREAD_CREATE</String>
		<String>_IO_STDIN_USED</String>
		<String>__CXA_ATEXIT'_</String>
		<String>FORK'PTHREAD_</String>
		<String>G_STRSPLIT'G_</String>
		<String>G_STR_HASH'G_</String>
		<String>LIBFUSE.SO.2</String>
		<String>LOCK'LSEEK64</String>
		<String>EXECV ERROR</String>
		<String>ICONV_CLOSE</String>
		<String>REALPATH'__</String>
		<String>DUP2 ERROR</String>
		<String>FORK ERROR</String>
		<String>G_STRFREEV</String>
		<String>IGNORE'CAN</String>
		<String>PIPE ERROR</String>
		<String>__LXSTAT64</String>
		<String>.DYN'.REL</String>
		<String>GLIBC_2.1</String>
		<String>GLIBC_2.2</String>
		<String>GLIBC_2.3</String>
		<String>G_FREE'G_</String>
		<String>LIBC.SO.6</String>
		<String>STR_ARRAY</String>
		<String>.DESKTOP</String>
		<String>.DIRICON</String>
		<String>LD-LINUX</String>
		<String>FPRINTF</String>
		<String>MKDTEMP</String>
		<String>APPRUN</String>
		<String>ICON'R</String>
		<String>MALLOC</String>
		<String>MEMCPY</String>
		<String>MOUNT_</String>
		<String>OPEN64</String>
		<String>STDERR</String>
		<String>STRCAT</String>
		<String>ME'.C</String>
		<String>RMDIR</String>
		<String>SP''U</String>
		<String>UTF-8</String>
		<String>WRITE</String>
		<String>_FINI</String>
		<String>_INIT</String>
		<String>.PNG</String>
		<String>1PX$</String>
		<String>2010</String>
		<String>IDAT</String>
		<String>IEND</String>
		<String>IHDR</String>
		<String>PROC</String>
		<String>SELF</String>
		<String>XXXX</String>
	</GlobalStrings>
</TrID>