<TrID ver="2.00">
	<Info>
		<FileType>Mac AppleDouble encoded</FileType>
		<Ext>AD</Ext>
		<ExtraInfo>
			<Rem></Rem>
			<RefURL>http://www.macdisk.com/mcmailen.php3</RefURL>
		</ExtraInfo>
		<User>Marco Pontello</User>
		<E-Mail>marcopon@gmail.com</E-Mail>
		<Home>http://mark0.net</Home>
	</Info>
	<General>
		<FileNum>5</FileNum>
		<Date>
			<Year>2005</Year>
			<Month>05</Month>
			<Day>29</Day>
		</Date>
		<Time>
			<Hour>02</Hour>
			<Min>36</Min>
			<Sec>37</Sec>
		</Time>
		<Creator>TrIDScan32 v1.56</Creator>
	</General>
	<FrontBlock>
		<Pattern>
			<Bytes>00051607</Bytes>
			<Pos>0</Pos>
		</Pattern>
	</FrontBlock>
</TrID>
