<TrID ver="2.00">
	<Info>
		<FileType>AppleWorks document (v2.0)</FileType>
		<Ext></Ext>
		<Mime>application/octet-stream</Mime>
		<ExtraInfo>
			<Rem></Rem>
			<RefURL>https://en.wikipedia.org/wiki/AppleWorks</RefURL>
		</ExtraInfo>
		<User>Marco Pontello</User>
		<E-Mail>marcopon@gmail.com</E-Mail>
		<Home>http://mark0.net</Home>
	</Info>
	<General>
		<FileNum>2</FileNum>
		<Date>
			<Year>2016</Year>
			<Month>12</Month>
			<Day>21</Day>
		</Date>
		<Time>
			<Hour>23</Hour>
			<Min>29</Min>
			<Sec>54</Sec>
		</Time>
		<Creator>TrIDScan/Py v2.02</Creator>
	</General>
	<FrontBlock>
		<Pattern>
			<Bytes>547D0000</Bytes>
			<ASCII> T }</ASCII>
			<Pos>0</Pos>
		</Pattern>
	</FrontBlock>
</TrID>