<TrID ver="2.00">
	<Info>
		<FileType>ClickOnce Deployment Manifest</FileType>
		<Ext>APPLICATION</Ext>
		<ExtraInfo>
			<Rem></Rem>
			<RefURL>http://en.wikipedia.org/wiki/ClickOnce</RefURL>
		</ExtraInfo>
		<User>Marco Pontello</User>
		<E-Mail>marcopon@gmail.com</E-Mail>
		<Home>http://mark0.net</Home>
	</Info>
	<General>
		<FileNum>5</FileNum>
		<Refine>1 by Marco Pontello</Refine>
		<CheckStrings>True</CheckStrings>
		<Date>
			<Year>2012</Year>
			<Month>11</Month>
			<Day>29</Day>
		</Date>
		<Time>
			<Hour>15</Hour>
			<Min>40</Min>
			<Sec>37</Sec>
		</Time>
		<Creator>TrIDScan/Py v1.80</Creator>
	</General>
	<FrontBlock>
		<Pattern>
			<Bytes>EFBBBF3C3F786D6C2076657273696F6E3D22312E302220656E636F64696E673D227574662D38223F3E0D0A</Bytes>
			<ASCII> . . . . ? x m l   v e r s i o n = " 1 . 0 "   e n c o d i n g = " u t f - 8 " ?</ASCII>
			<Pos>0</Pos>
		</Pattern>
	</FrontBlock>
	<GlobalStrings>
		<String>DEPENDENTASSEMBLY DEPENDENCYTYPE</String>
		<String>ASM.V1 ASSEMBLY.ADAPTIVE.XSD</String>
		<String>HASHTRANSFORMS.IDENTITY</String>
		<String>DIGESTMETHOD ALGORITHM</String>
		<String>ASSEMBLYIDENTITY NAME</String>
		<String>PROCESSORARCHITECTURE</String>
		<String>SCHEMAS-MICROSOFT-COM</String>
		<String>TRANSFORM ALGORITHM</String>
		<String>DEPLOYMENT INSTALL</String>
		<String>XMLSCHEMA-INSTANCE</String>
		<String>DESCRIPTION ASMV2</String>
		<String>MANIFESTVERSION</String>
		<String>PUBLICKEYTOKEN</String>
		<String>SCHEMALOCATION</String>
		<String>.EXE.MANIFEST</String>
		<String>.APPLICATION</String>
		<String>ASSEMBLY XSI</String>
		<String>01-REL-R-NS</String>
		<String>DIGESTVALUE</String>
		<String>XML VERSION</String>
		<String>WWW.W3.ORG</String>
		<String>PUBLISHER</String>
		<String>CODEBASE</String>
		<String>ENCODING</String>
		<String>LANGUAGE</String>
		<String>PRODUCT</String>
		<String>XMLDSIG</String>
		<String>ASM.V2</String>
		<String>MPEG21</String>
		<String>ASMV1</String>
		<String>UTF-8</String>
		<String>WIN32</String>
		<String>XMLNS</String>
		<String>FILE</String>
		<String>HTTP</String>
		<String>MSIL</String>
		<String>SHA1</String>
		<String>SIZE</String>
		<String>TRUE</String>
		<String>XRML</String>
	</GlobalStrings>
</TrID>