<TrID ver="2.00">
	<Info>
		<FileType>Lotus Approach v3.0</FileType>
		<Ext>APR</Ext>
		<Mime>application/octet-stream</Mime>
		<ExtraInfo>
			<Rem></Rem>
			<RefURL>https://en.wikipedia.org/wiki/IBM_Lotus_Approach</RefURL>
		</ExtraInfo>
		<User>Marco Pontello</User>
		<E-Mail>marcopon@gmail.com</E-Mail>
		<Home>http://mark0.net</Home>
	</Info>
	<General>
		<FileNum>17</FileNum>
		<CheckStrings>True</CheckStrings>
		<Date>
			<Year>2016</Year>
			<Month>10</Month>
			<Day>21</Day>
		</Date>
		<Time>
			<Hour>21</Hour>
			<Min>0</Min>
			<Sec>0</Sec>
		</Time>
		<Creator>TrIDScan/Py v2.02</Creator>
	</General>
	<FrontBlock>
		<Pattern>
			<Bytes>D0CF11E0A1B11AE100</Bytes>
			<Pos>0</Pos>
		</Pattern>
		<Pattern>
			<Bytes>52006F006F007400200045006E007400720079</Bytes>
			<ASCII> R . o . o . t .   . E . n . t . r . y</ASCII>
			<Pos>1024</Pos>
		</Pattern>
		<Pattern>
			<Bytes>43006F006D0070004F0062006A</Bytes>
			<ASCII> C . o . m . p . O . b . j</ASCII>
			<Pos>1410</Pos>
		</Pattern>
	</FrontBlock>
	<GlobalStrings>
		<String>APPROACHAPPLICATION</String>
		<String>APPROACH OBJECT</String>
		<String>D'O'C'U'M'E'N'T</String>
		<String>V'E'R'S'I'O'N</String>
		<String>DEFAULT MENU</String>
		<String>I'N'F'O</String>
		<String>STYLE</String>
		<String>.APR</String>
		<String>.DBF</String>
		<String>FILE</String>
	</GlobalStrings>
</TrID>