<TrID ver="2.00">
	<Info>
		<FileType>Windows 8.1 App Bundle</FileType>
		<Ext>APPXBUNDLE</Ext>
		<Mime>application/octet-stream</Mime>
		<ExtraInfo>
			<Rem></Rem>
			<RefURL></RefURL>
		</ExtraInfo>
		<User>Marco Pontello</User>
		<E-Mail>marcopon@gmail.com</E-Mail>
		<Home>http://mark0.net</Home>
	</Info>
	<General>
		<FileNum>18</FileNum>
		<CheckStrings>True</CheckStrings>
		<Date>
			<Year>2015</Year>
			<Month>3</Month>
			<Day>21</Day>
		</Date>
		<Time>
			<Hour>22</Hour>
			<Min>26</Min>
			<Sec>32</Sec>
		</Time>
		<Creator>TrIDScan/Py v2.01</Creator>
	</General>
	<FrontBlock>
		<Pattern>
			<Bytes>504B0304</Bytes>
			<ASCII> P K</ASCII>
			<Pos>0</Pos>
		</Pattern>
	</FrontBlock>
	<GlobalStrings>
		<String>APPXBUNDLEMANIFEST.XML</String>
		<String>APPXBLOCKMAP.XML</String>
		<String>APPXMANIFEST.XML</String>
		<String>CONTENT_TYPES</String>
		<String>RESOURCES.PRI</String>
		<String>APPXMETADATA</String>
		<String>.APPXPK</String>
		<String>.SCALE-</String>
		<String>IDATX</String>
		<String>STORE</String>
		<String>.PNG</String>
		<String>FILE</String>
		<String>IEND</String>
		<String>IHDR</String>
		<String>PHYS</String>
		<String>TION</String>
	</GlobalStrings>
</TrID>