<TrID ver="2.00">
	<Info>
		<FileType>Windows 8 App package</FileType>
		<Ext>APPX</Ext>
		<Mime>application/octet-stream</Mime>
		<ExtraInfo>
			<Rem></Rem>
			<RefURL></RefURL>
		</ExtraInfo>
		<User>Marco Pontello</User>
		<E-Mail>marcopon@gmail.com</E-Mail>
		<Home>http://mark0.net</Home>
	</Info>
	<General>
		<FileNum>8</FileNum>
		<Refine>1 by Marco Pontello</Refine>
		<CheckStrings>True</CheckStrings>
		<Date>
			<Year>2016</Year>
			<Month>2</Month>
			<Day>12</Day>
		</Date>
		<Time>
			<Hour>1</Hour>
			<Min>11</Min>
			<Sec>27</Sec>
		</Time>
		<Creator>TrIDScan/Py v2.02</Creator>
	</General>
	<FrontBlock>
		<Pattern>
			<Bytes>504B0304</Bytes>
			<ASCII> P K</ASCII>
			<Pos>0</Pos>
		</Pattern>
	</FrontBlock>
	<GlobalStrings>
		<String>SMALLLOGO.SCALE-240.PNG</String>
		<String>SQUARE71X71LOGO.SCALE-</String>
		<String>APPXBLOCKMAP.XML</String>
		<String>APPXMANIFEST.XML</String>
		<String>STORELOGO.SCALE-</String>
		<String>WIDELOGO.SCALE-</String>
		<String>CONTENT_TYPES</String>
		<String>RESOURCES.PRI</String>
		<String>TEXTSOFTWARE</String>
		<String>ICATION</String>
		<String>SCREEN.</String>
		<String>WINDOWS</String>
		<String>KIDATX</String>
		<String>PAGE.X</String>
		<String>SPLASH</String>
		<String>STYLES</String>
		<String>ABOUT</String>
		<String>APP.X</String>
		<String>.EXE</String>
		<String>BACK</String>
		<String>DATA</String>
		<String>GAMA</String>
		<String>IEND</String>
		<String>IHDR</String>
		<String>ONE.</String>
		<String>PHYS</String>
		<String>SION</String>
	</GlobalStrings>
</TrID>