<TrID ver="2.00">
	<Info>
		<FileType>Apadana Project</FileType>
		<Ext>APR</Ext>
		<ExtraInfo>
			<Rem></Rem>
			<RefURL>http://www.apadanasoftware.com</RefURL>
		</ExtraInfo>
		<User>Marco Pontello</User>
		<E-Mail>marcopon@gmail.com</E-Mail>
		<Home>http://mark0.net</Home>
	</Info>
	<General>
		<FileNum>43</FileNum>
		<Date>
			<Year>2011</Year>
			<Month>01</Month>
			<Day>10</Day>
		</Date>
		<Time>
			<Hour>15</Hour>
			<Min>21</Min>
			<Sec>55</Sec>
		</Time>
		<Creator>TrIDScan32 v1.56</Creator>
	</General>
	<FrontBlock>
		<Pattern>
			<Bytes>414E4400A9</Bytes>
			<ASCII> A N D</ASCII>
			<Pos>0</Pos>
		</Pattern>
	</FrontBlock>
</TrID>
