<TrID ver="2.00">
	<Info>
		<FileType>ArcView Project</FileType>
		<Ext>APR</Ext>
		<ExtraInfo>
			<Rem></Rem>
			<RefURL>http://en.wikipedia.org/wiki/Arcview</RefURL>
		</ExtraInfo>
		<User>Marco Pontello</User>
		<E-Mail>marcopon@gmail.com</E-Mail>
		<Home>http://mark0.net</Home>
	</Info>
	<General>
		<FileNum>32</FileNum>
		<CheckStrings>True</CheckStrings>
		<Date>
			<Year>2008</Year>
			<Month>07</Month>
			<Day>25</Day>
		</Date>
		<Time>
			<Hour>20</Hour>
			<Min>58</Min>
			<Sec>10</Sec>
		</Time>
		<Creator>TrIDScan32 v1.56</Creator>
	</General>
	<FrontBlock>
		<Pattern>
			<Bytes>2F332E</Bytes>
			<ASCII> / 3</ASCII>
			<Pos>0</Pos>
		</Pattern>
	</FrontBlock>
	<GlobalStrings>
		<String>FIRSTROOTCLASSNAME</String>
		<String>DOC.OPENUPDATE</String>
		<String>.ACTIONUPDATE</String>
		<String>DOC.NEWUPDATE</String>
		<String>INTERNALNAME</String>
		<String>CREATIONDATE</String>
		<String>VISGUIWIDTH</String>
		<String>OPEN_BUTTON</String>
		<String>(PROJECT.2</String>
		<String>(NAMEDICT.</String>
		<String>HELPTOPIC</String>
		<String>(DOCWIN.</String>
		<String>FILENAME</String>
		<String>GUINAMES</String>
		<String>SELCOLOR</String>
		<String>(CSMGR.</String>
		<String>(LBUTN.</String>
		<String>BUTTONS</String>
		<String>(AVSTR.</String>
		<String>VISIBLE</String>
		<String>SCRIPTS</String>
		<String>VERSION</String>
		<String>WORKDIR</String>
		<String>0XFFFF</String>
		<String>FORMAT</String>
		<String>(TCLR.</String>
		<String>LAYOUT</String>
		<String>NUMBER</String>
		<String>SOURCE</String>
		<String>SYMBOL</String>
		<String>PRINT_</String>
		<String>ZOOMTO</String>
		<String>(ODB.1</String>
		<String>THEME</String>
		<String>CLICK</String>
		<String>GREEN</String>
		<String>VIEW.</String>
		<String>LABEL</String>
		<String>TABLE</String>
		<String>FIELD</String>
		<String>ROOTS</String>
		<String>CHILD</String>
		<String>POINT</String>
		<String>CHART</String>
		<String>OWNER</String>
		<String>LINE</String>
		<String>RENT</String>
		<String>DATA</String>
		<String>(FN.</String>
		<String>TEXT</String>
		<String>PATH</String>
		<String>TYPE</String>
		<String>.APR</String>
		<String>WINH</String>
		<String>WINW</String>
		<String>APPL</String>
		<String>IGHT</String>
		<String>LAST</String>
	</GlobalStrings>
</TrID>
