<TrID ver="2.00">
	<Info>
		<FileType>AProSys module</FileType>
		<Ext>APS</Ext>
		<Mime>audio/x-mod</Mime>
		<ExtraInfo>
			<Rem></Rem>
			<RefURL>http://fileformats.archiveteam.org/wiki/AProSys_module</RefURL>
		</ExtraInfo>
		<User>Marco Pontello</User>
		<E-Mail>marcopon@gmail.com</E-Mail>
		<Home>http://mark0.net</Home>
	</Info>
	<General>
		<FileNum>7</FileNum>
		<CheckStrings>True</CheckStrings>
		<Date>
			<Year>2015</Year>
			<Month>4</Month>
			<Day>4</Day>
		</Date>
		<Time>
			<Hour>2</Hour>
			<Min>0</Min>
			<Sec>14</Sec>
		</Time>
		<Creator>TrIDScan/Py v2.01</Creator>
	</General>
	<FrontBlock>
		<Pattern>
			<Bytes>414452565041434B</Bytes>
			<ASCII> A D R V P A C K</ASCII>
			<Pos>0</Pos>
		</Pattern>
	</FrontBlock>
</TrID>