<TrID ver="2.00">
	<Info>
		<FileType>Team Developer / SQLWindows application (text)</FileType>
		<Ext>APT</Ext>
		<Mime>text/plain</Mime>
		<ExtraInfo>
			<Rem></Rem>
			<RefURL>https://en.wikipedia.org/wiki/Gupta_Technologies</RefURL>
		</ExtraInfo>
		<User>Marco Pontello</User>
		<E-Mail>marcopon@gmail.com</E-Mail>
		<Home>http://mark0.net</Home>
	</Info>
	<General>
		<FileNum>36</FileNum>
		<CheckStrings>True</CheckStrings>
		<Date>
			<Year>2017</Year>
			<Month>1</Month>
			<Day>25</Day>
		</Date>
		<Time>
			<Hour>21</Hour>
			<Min>48</Min>
			<Sec>17</Sec>
		</Time>
		<Creator>TrIDScan/Py v2.02</Creator>
	</General>
	<FrontBlock>
		<Pattern>
			<Bytes>4170706C69636174696F6E204465736372697074696F6E3A20</Bytes>
			<ASCII> A p p l i c a t i o n   D e s c r i p t i o n :</ASCII>
			<Pos>0</Pos>
		</Pattern>
	</FrontBlock>
	<GlobalStrings>
		<String>ENABLE RUNTIME CHECKS OF EXTERNAL REFERENCES</String>
		<String>FULLY QUALIFIED EXTERNAL REFERENCES</String>
		<String>OUTLINE WINDOW LOCATION AND SIZE</String>
		<String>REJECT MULTIPLE WINDOW INSTANCES</String>
		<String>APPLICATION DESCRIPTION</String>
		<String>TOP LEVEL TABLE WINDOW</String>
		<String>CLASS EDITOR LOCATION</String>
		<String>HORIZONTAL SCROLL BAR</String>
		<String>TOOL PALETTE LOCATION</String>
		<String>DESIGN-TIME SETTINGS</String>
		<String>OPTIONS BOX LOCATION</String>
		<String>OUTLINE WINDOW STATE</String>
		<String>APPLICATION ACTIONS</String>
		<String>GLOBAL DECLARATIONS</String>
		<String>VERTICAL SCROLL BAR</String>
		<String>CHILD TABLE WINDOW</String>
		<String>EXTERNAL FUNCTIONS</String>
		<String>INTERNAL FUNCTIONS</String>
		<String>QUEST CHILD WINDOW</String>
		<String>CLASS DEFINITIONS</String>
		<String>BACKGROUND COLOR</String>
		<String>FONT ENHANCEMENT</String>
		<String>BACKGROUND TEXT</String>
		<String>DEFAULT CLASSES</String>
		<String>MULTILINE FIELD</String>
		<String>OUTLINE VERSION</String>
		<String>WINDOW DEFAULTS</String>
		<String>.DATA VIEWINFO</String>
		<String>CQUICKDATABASE</String>
		<String>CUSTOM CONTROL</String>
		<String>SYSTEM DEFAULT</String>
		<String>DISPLAY STYLE</String>
		<String>OPTION BUTTON</String>
		<String>.DATA CCDATA</String>
		<String>.DATA CCSIZE</String>
		<String>BORDER COLOR</String>
		<String>QUEST WINDOW</String>
		<String>RADIO BUTTON</String>
		<String>FORM WINDOW</String>
		<String>NAMED MENUS</String>
		<String>DATA FIELD</String>
		<String>DIALOG BOX</String>
		<String>LINE COLOR</String>
		<String>MDI WINDOW</String>
		<String>PARAMETERS</String>
		<String>PUSHBUTTON</String>
		<String>SPIN FIELD</String>
		<String>TEXT COLOR</String>
		<String>USE PARENT</String>
		<String>CHECK BOX</String>
		<String>COMBO BOX</String>
		<String>CONSTANTS</String>
		<String>FONT NAME</String>
		<String>FONT SIZE</String>
		<String>GROUP BOX</String>
		<String>LIBRARIES</String>
		<String>RESOURCES</String>
		<String>VARIABLES</String>
		<String>.ENDDATA</String>
		<String>CBASEMDI</String>
		<String>LIST BOX</String>
		<String>TEMPLATE</String>
		<String>TOOL BAR</String>
		<String>FORMATS</String>
		<String>PICTURE</String>
		<String>VISIBLE</String>
		<String>WINDOWS</String>
		<String>ACTIVE</String>
		<String>COLUMN</String>
		<String>ETCHED</String>
		<String>HEIGHT</String>
		<String>NORMAL</String>
		<String>NUMBER</String>
		<String>FRAME</String>
		<String>WIDTH</String>
		<String>CALL</String>
		<String>DATE</String>
		<String>LEFT</String>
		<String>USER</String>
	</GlobalStrings>
</TrID>