<TrID ver="2.00">
	<Info>
		<FileType>Android PandaHome theme</FileType>
		<Ext>APT</Ext>
		<ExtraInfo>
			<Rem></Rem>
			<RefURL>http://www.pandaapp.com/pandahome/</RefURL>
		</ExtraInfo>
		<User>Marco Pontello</User>
		<E-Mail>marcopon@gmail.com</E-Mail>
		<Home>http://mark0.net</Home>
	</Info>
	<General>
		<FileNum>10</FileNum>
		<CheckStrings>True</CheckStrings>
		<Date>
			<Year>2010</Year>
			<Month>12</Month>
			<Day>01</Day>
		</Date>
		<Time>
			<Hour>14</Hour>
			<Min>23</Min>
			<Sec>56</Sec>
		</Time>
		<Creator>TrIDScan32 v1.56</Creator>
	</General>
	<FrontBlock>
		<Pattern>
			<Bytes>504B0304</Bytes>
			<ASCII> P K</ASCII>
			<Pos>0</Pos>
		</Pattern>
	</FrontBlock>
	<GlobalStrings>
		<String>TRAY_HANDLE_SELECTED.PNGPK</String>
		<String>DELETE_HANDLE_NORMAL.PNGPK</String>
		<String>TRAY_HANDLE_PRESSED.PNGPK</String>
		<String>TRAY_HANDLE_NORMAL.PNGPK</String>
		<String>IC_TRAY_COLLAPSE.PNGPK</String>
		<String>IC_TRAY_EXPAND.PNGPK</String>
		<String>DELETE_HANDLE.PNGPK</String>
		<String>ICON_DEFAULT.PNGPK</String>
		<String>_FOLDER_OPEN.PNGPK</String>
		<String>CLOCK_MINUTE.PNGPK</String>
		<String>MENU_SEARCH.PNGPK</String>
		<String>_CALCULATOR.PNGPK</String>
		<String>PANDA_THEME.XMLPK</String>
		<String>_ALARMCLOCK.PNGPK</String>
		<String>CLOCK_DIAL.PNGPK</String>
		<String>CLOCK_HOUR.PNGPK</String>
		<String>_SETTINGS.PNGPK</String>
		<String>WALLPAPER.JPGPK</String>
		<String>MENU_ADD.PNGPK</String>
		<String>_CAMERA.PNGPK</String>
		<String>DRAWER.JPGPK</String>
		<String>WIDGET_SE</String>
		<String>ER.PNGPK</String>
		<String>ON.PNGPK</String>
		<String>ME.PNGPK</String>
		<String>IDATX</String>
		<String>CHRM</String>
		<String>IEND</String>
		<String>IHDR</String>
		<String>LAND</String>
		<String>PHYS</String>
	</GlobalStrings>
</TrID>
