<TrID ver="2.00">
	<Info>
		<FileType>Any Password data</FileType>
		<Ext>APW</Ext>
		<ExtraInfo>
			<Rem></Rem>
			<RefURL>http://www.romanlab.com/apw/</RefURL>
		</ExtraInfo>
		<User>Marco Pontello</User>
		<E-Mail>marcopon@gmail.com</E-Mail>
		<Home>http://mark0.net</Home>	</Info>
	<General>
		<FileNum>2</FileNum>
		<Date>
			<Year>2007</Year>
			<Month>06</Month>
			<Day>06</Day>
		</Date>
		<Time>
			<Hour>09</Hour>
			<Min>51</Min>
			<Sec>06</Sec>
		</Time>
		<Creator>TrIDScan32 v1.56</Creator>
	</General>
	<FrontBlock>
		<Pattern>
			<Bytes>4150</Bytes>
			<ASCII> A P</ASCII>
			<Pos>0</Pos>
		</Pattern>
	</FrontBlock>
</TrID>
