<TrID ver="2.00">
	<Info>
		<FileType>ACCAreader document</FileType>
		<Ext>AR</Ext>
		<ExtraInfo>
			<Rem></Rem>
			<RefURL>http://www.acca.it</RefURL>
		</ExtraInfo>
		<User>Marco Pontello</User>
		<E-Mail>marcopon@gmail.com</E-Mail>
		<Home>http://mark0.net</Home>
	</Info>
	<General>
		<FileNum>9</FileNum>
		<Refine>1 by Marco Pontello</Refine>
		<Date>
			<Year>2014</Year>
			<Month>11</Month>
			<Day>14</Day>
		</Date>
		<Time>
			<Hour>16</Hour>
			<Min>42</Min>
			<Sec>15</Sec>
		</Time>
		<Creator>TrIDScan/Py v1.90</Creator>
	</General>
	<FrontBlock>
		<Pattern>
			<Bytes>12000000414343415F5245414445525F464F524D4154</Bytes>
			<ASCII> . . . . A C C A _ R E A D E R _ F O R M A T</ASCII>
			<Pos>0</Pos>
		</Pattern>
	</FrontBlock>
</TrID>