<TrID ver="2.00">
	<Info>
		<FileType>SAPCAR CAR archive</FileType>
		<Ext>CAR</Ext>
		<ExtraInfo>
			<Rem>ZIP like archiver for SAP.</Rem>
			<RefURL>http://www.easymarketplace.de/SAPCAR.php</RefURL>
		</ExtraInfo>
		<User>Marco Pontello</User>
		<E-Mail>marcopon@gmail.com</E-Mail>
		<Home>http://mark0.net</Home>
	</Info>
	<General>
		<FileNum>2</FileNum>
		<Date>
			<Year>2008</Year>
			<Month>09</Month>
			<Day>08</Day>
		</Date>
		<Time>
			<Hour>20</Hour>
			<Min>45</Min>
			<Sec>23</Sec>
		</Time>
		<Creator>TrIDScan32 v1.56</Creator>
	</General>
	<FrontBlock>
		<Pattern>
			<Bytes>2320434152206172636869766520686561646572</Bytes>
			<ASCII> #   C A R   a r c h i v e   h e a d e r</ASCII>
			<Pos>0</Pos>
		</Pattern>
	</FrontBlock>
</TrID>
