<TrID ver="2.00">
	<Info>
		<FileType>Eschalon Setup ARCV compressed container</FileType>
		<Ext></Ext>
		<Mime>application/octet-stream</Mime>
		<ExtraInfo>
			<Rem></Rem>
			<RefURL></RefURL>
		</ExtraInfo>
		<User>Marco Pontello</User>
		<E-Mail>marcopon@gmail.com</E-Mail>
		<Home>http://mark0.net</Home>
	</Info>
	<General>
		<FileNum>58</FileNum>
		<CheckStrings>True</CheckStrings>
		<Date>
			<Year>2016</Year>
			<Month>10</Month>
			<Day>26</Day>
		</Date>
		<Time>
			<Hour>22</Hour>
			<Min>36</Min>
			<Sec>42</Sec>
		</Time>
		<Creator>TrIDScan/Py v2.02</Creator>
	</General>
	<FrontBlock>
		<Pattern>
			<Bytes>41524356</Bytes>
			<ASCII> A R C V</ASCII>
			<Pos>0</Pos>
		</Pattern>
	</FrontBlock>
	<GlobalStrings>
		<String>CHNK</String>
	</GlobalStrings>
</TrID>