<TrID ver="2.00">
	<Info>
		<FileType>Arduboy game package</FileType>
		<Ext>ARDUBOY</Ext>
		<Mime>application/octet-stream</Mime>
		<ExtraInfo>
			<Rem></Rem>
			<RefURL>https://www.arduboy.com/</RefURL>
		</ExtraInfo>
		<User>Marco Pontello</User>
		<E-Mail>marcopon@gmail.com</E-Mail>
		<Home>http://mark0.net</Home>
	</Info>
	<General>
		<FileNum>4</FileNum>
		<Refine>1 by Marco Pontello - 1 by Marco Pontello</Refine>
		<CheckStrings>True</CheckStrings>
		<Date>
			<Year>2017</Year>
			<Month>2</Month>
			<Day>9</Day>
		</Date>
		<Time>
			<Hour>21</Hour>
			<Min>21</Min>
			<Sec>41</Sec>
		</Time>
		<Creator>TrIDScan/Py v2.02</Creator>
	</General>
	<FrontBlock>
		<Pattern>
			<Bytes>504B0304</Bytes>
			<ASCII> P K</ASCII>
			<Pos>0</Pos>
		</Pattern>
	</FrontBlock>
	<GlobalStrings>
		<String>BANNER.PNG</String>
		<String>INFO.JSON</String>
		<String>.HEX</String>
	</GlobalStrings>
</TrID>