<TrID ver="2.00">
	<Info>
		<FileType>Arena container</FileType>
		<Ext></Ext>
		<Mime>application/octet-stream</Mime>
		<ExtraInfo>
			<Rem></Rem>
			<RefURL>https://github.com/VirusTotal/yara</RefURL>
		</ExtraInfo>
		<User>Marco Pontello</User>
		<E-Mail>marcopon@gmail.com</E-Mail>
		<Home>http://mark0.net</Home>
	</Info>
	<General>
		<FileNum>2</FileNum>
		<Date>
			<Year>2017</Year>
			<Month>3</Month>
			<Day>22</Day>
		</Date>
		<Time>
			<Hour>18</Hour>
			<Min>29</Min>
			<Sec>26</Sec>
		</Time>
		<Creator>TrIDScan/Py v2.02</Creator>
	</General>
	<FrontBlock>
		<Pattern>
			<Bytes>59415241</Bytes>
			<ASCII> Y A R A</ASCII>
			<Pos>0</Pos>
		</Pattern>
	</FrontBlock>
</TrID>