<TrID ver="2.00">
	<Info>
		<FileType>Advanced Renamer method</FileType>
		<Ext>AREN</Ext>
		<Mime>text/plain</Mime>
		<ExtraInfo>
			<Rem></Rem>
			<RefURL>http://www.advancedrenamer.com/</RefURL>
		</ExtraInfo>
		<User>Marco Pontello</User>
		<E-Mail>marcopon@gmail.com</E-Mail>
		<Home>http://mark0.net</Home>
	</Info>
	<General>
		<FileNum>9</FileNum>
		<CheckStrings>True</CheckStrings>
		<Date>
			<Year>2015</Year>
			<Month>9</Month>
			<Day>24</Day>
		</Date>
		<Time>
			<Hour>2</Hour>
			<Min>36</Min>
			<Sec>40</Sec>
		</Time>
		<Creator>TrIDScan/Py v2.01</Creator>
	</General>
	<FrontBlock>
		<Pattern>
			<Bytes>5B6865616465725D0D0A747970653D</Bytes>
			<ASCII> [ h e a d e r ] . . t y p e =</ASCII>
			<Pos>0</Pos>
		</Pattern>
	</FrontBlock>
	<GlobalStrings>
		<String>APPLICATION_VERSION</String>
		<String>ADVANCED RENAMER</String>
		<String>NAMECOLLISION</String>
		<String>METHODNAME</String>
		<String>SEPARATOR</String>
		<String>APPLYTO</String>
		<String>METHOD0</String>
		<String>METHODS</String>
		<String>PATTERN</String>
		<String>PRESET</String>
		<String>FAIL</String>
		<String>RULE</String>
		<String>TYPE</String>
	</GlobalStrings>
</TrID>