<TrID ver="2.00">
	<Info>
		<FileType>Attribute-Relation File Format (with rem)</FileType>
		<Ext>ARFF</Ext>
		<Mime>text/plain</Mime>
		<ExtraInfo>
			<Rem></Rem>
			<RefURL>http://www.cs.waikato.ac.nz/~ml/weka/arff.html</RefURL>
		</ExtraInfo>
		<User>Marco Pontello</User>
		<E-Mail>marcopon@gmail.com</E-Mail>
		<Home>http://mark0.net</Home>
	</Info>
	<General>
		<FileNum>9</FileNum>
		<CheckStrings>True</CheckStrings>
		<Date>
			<Year>2017</Year>
			<Month>3</Month>
			<Day>14</Day>
		</Date>
		<Time>
			<Hour>12</Hour>
			<Min>44</Min>
			<Sec>21</Sec>
		</Time>
		<Creator>TrIDScan/Py v2.02</Creator>
	</General>
	<FrontBlock>
		<Pattern>
			<Bytes>25</Bytes>
			<ASCII> %</ASCII>
			<Pos>0</Pos>
		</Pattern>
	</FrontBlock>
	<GlobalStrings>
		<String>ATTRIBUTE</String>
		<String>RELATION</String>
		<String>DATA</String>
	</GlobalStrings>
</TrID>