<TrID ver="2.00">
	<Info>
		<FileType>ArgoUML project</FileType>
		<Ext>ARGO</Ext>
		<ExtraInfo>
			<Rem></Rem>
			<RefURL>http://en.wikipedia.org/wiki/ArgoUML</RefURL>
		</ExtraInfo>
		<User>Marco Pontello</User>
		<E-Mail>marcopon@gmail.com</E-Mail>
		<Home>http://mark0.net</Home>	</Info>
	<General>
		<FileNum>2</FileNum>
		<CheckStrings>True</CheckStrings>
		<Date>
			<Year>2008</Year>
			<Month>03</Month>
			<Day>25</Day>
		</Date>
		<Time>
			<Hour>23</Hour>
			<Min>15</Min>
			<Sec>05</Sec>
		</Time>
		<Creator>TrIDScan32 v1.56</Creator>
	</General>
	<FrontBlock>
		<Pattern>
			<Bytes>3C3F786D6C2076657273696F6E203D2022312E302220</Bytes>
			<ASCII> . ? x m l   v e r s i o n   =   " 1 . 0 "</ASCII>
			<Pos>0</Pos>
		</Pattern>
	</FrontBlock>
	<GlobalStrings>
		<String>DOCTYPE ARGO SYSTEM</String>
		<String>HISTORYFILE NAME</String>
		<String>SEARCHPATH HREF</String>
		<String>DOCUMENTATION</String>
		<String>DESCRIPTION</String>
		<String>XML VERSION</String>
		<String>PROJECT_DIR</String>
		<String>AUTHORNAME</String>
		<String>ARGO.DTD</String>
		<String>ENCODING</String>
		<String>MEMBER</String>
		<String>PGML</String>
	</GlobalStrings>
</TrID>
