<TrID ver="2.00">
	<Info>
		<FileType>ARRIRAW image</FileType>
		<Ext>ARI</Ext>
		<Mime>application/octet-stream</Mime>
		<ExtraInfo>
			<Rem></Rem>
			<RefURL>https://en.wikipedia.org/wiki/Arri_Alexa#ArriRaw</RefURL>
		</ExtraInfo>
		<User>Marco Pontello</User>
		<E-Mail>marcopon@gmail.com</E-Mail>
		<Home>http://mark0.net</Home>
	</Info>
	<General>
		<FileNum>15</FileNum>
		<Date>
			<Year>2016</Year>
			<Month>12</Month>
			<Day>25</Day>
		</Date>
		<Time>
			<Hour>20</Hour>
			<Min>32</Min>
			<Sec>35</Sec>
		</Time>
		<Creator>TrIDScan/Py v2.02</Creator>
	</General>
	<FrontBlock>
		<Pattern>
			<Bytes>4152524912345678</Bytes>
			<ASCII> A R R I . 4 V x</ASCII>
			<Pos>0</Pos>
		</Pattern>
	</FrontBlock>
</TrID>