<TrID ver="2.00">
    <Info>
        <FileType>GRZipII compressed archive</FileType>
        <Ext>GRZ</Ext>
        <ExtraInfo>
            <Rem></Rem>
            <RefURL>http://xpt.sourceforge.net/techdocs/nix/archive/arch09-GRZipII/</RefURL>
        </ExtraInfo>
        <User>Marco Pontello</User>
        <E-Mail>marcopon@gmail.com</E-Mail>
        <Home>http://mark0.net</Home>
    </Info>
    <General>
        <FileNum>6</FileNum>
        <Date>
            <Year>2003</Year>
            <Month>12</Month>
            <Day>24</Day>
        </Date>
        <Time>
            <Hour>02</Hour>
            <Min>08</Min>
            <Sec>54</Sec>
        </Time>
        <Creator>TrIDScan32 v1.55</Creator>
    </General>
    <FrontBlock>
        <Pattern>
            <Bytes>47525A69704949</Bytes>
            <ASCII> G R Z i p I I</ASCII>
            <Pos>0</Pos>
        </Pattern>
        <Pattern>
            <Bytes>3A29</Bytes>
            <ASCII> : )</ASCII>
            <Pos>10</Pos>
        </Pattern>
    </FrontBlock>
</TrID>
