<TrID ver="2.00">
	<Info>
		<FileType>7-Zip compressed archive (gen)</FileType>
		<Ext>7Z</Ext>
		<Mime>application/x-7z-compressed</Mime>
		<ExtraInfo>
			<Rem>7-Zip is a freeware file archiver with a very high compression ratio.</Rem>
			<RefURL>https://en.wikipedia.org/wiki/7-Zip</RefURL>
		</ExtraInfo>
		<User>Marco Pontello</User>
		<E-Mail>marcopon@gmail.com</E-Mail>
		<Home>http://mark0.net</Home>
	</Info>
	<General>
		<FileNum>4</FileNum>
		<Refine>1 by Marco Pontello</Refine>
		<Date>
			<Year>2017</Year>
			<Month>3</Month>
			<Day>29</Day>
		</Date>
		<Time>
			<Hour>1</Hour>
			<Min>56</Min>
			<Sec>46</Sec>
		</Time>
		<Creator>TrIDScan/Py v2.02</Creator>
	</General>
	<FrontBlock>
		<Pattern>
			<Bytes>377ABCAF271C</Bytes>
			<ASCII> 7 z . . '</ASCII>
			<Pos>0</Pos>
		</Pattern>
	</FrontBlock>
</TrID>