<TrID ver="2.00">
	<Info>
		<FileType>Astrotite compressed archive</FileType>
		<Ext>AFA</Ext>
		<Mime>application/x-astrotite-afa</Mime>
		<ExtraInfo>
			<Rem></Rem>
			<RefURL>http://justsolve.archiveteam.org/wiki/Astrotite</RefURL>
		</ExtraInfo>
		<User>Marco Pontello</User>
		<E-Mail>marcopon@gmail.com</E-Mail>
		<Home>http://mark0.net</Home>
	</Info>
	<General>
		<FileNum>3</FileNum>
		<Date>
			<Year>2015</Year>
			<Month>12</Month>
			<Day>24</Day>
		</Date>
		<Time>
			<Hour>21</Hour>
			<Min>58</Min>
			<Sec>14</Sec>
		</Time>
		<Creator>TrIDScan/Py v2.02</Creator>
	</General>
	<FrontBlock>
		<Pattern>
			<Bytes>415354565341</Bytes>
			<ASCII> A S T V S A</ASCII>
			<Pos>0</Pos>
		</Pattern>
	</FrontBlock>
</TrID>