<TrID ver="2.00">
	<Info>
		<FileType>DS Squeeze archive</FileType>
		<Ext>ARK</Ext>
		<Mime>application/octet-stream</Mime>
		<ExtraInfo>
			<Rem>Old DOS compressor from Design Software.</Rem>
			<RefURL></RefURL>
		</ExtraInfo>
		<User>Marco Pontello</User>
		<E-Mail>marcopon@gmail.com</E-Mail>
		<Home>http://mark0.net</Home>
	</Info>
	<General>
		<FileNum>4</FileNum>
		<Date>
			<Year>2016</Year>
			<Month>10</Month>
			<Day>30</Day>
		</Date>
		<Time>
			<Hour>19</Hour>
			<Min>47</Min>
			<Sec>29</Sec>
		</Time>
		<Creator>TrIDScan/Py v2.02</Creator>
	</General>
	<FrontBlock>
		<Pattern>
			<Bytes>004944465547485441D502</Bytes>
			<ASCII> . I D F U G H T A</ASCII>
			<Pos>0</Pos>
		</Pattern>
	</FrontBlock>
</TrID>