<TrID ver="2.00">
	<Info>
		<FileType>AMGC compressed archive</FileType>
		<Ext>AMG</Ext>
		<Mime>application/octet-stream</Mime>
		<ExtraInfo>
			<Rem>DOS compressor by Milen Georgiev.</Rem>
			<RefURL></RefURL>
		</ExtraInfo>
		<User>Marco Pontello</User>
		<E-Mail>marcopon@gmail.com</E-Mail>
		<Home>http://mark0.net</Home>
	</Info>
	<General>
		<FileNum>7</FileNum>
		<Date>
			<Year>2017</Year>
			<Month>1</Month>
			<Day>14</Day>
		</Date>
		<Time>
			<Hour>18</Hour>
			<Min>52</Min>
			<Sec>40</Sec>
		</Time>
		<Creator>TrIDScan/Py v2.02</Creator>
	</General>
	<FrontBlock>
		<Pattern>
			<Bytes>AD3622000000000000000000941C</Bytes>
			<ASCII> . 6 "</ASCII>
			<Pos>0</Pos>
		</Pattern>
	</FrontBlock>
</TrID>