<TrID ver="2.00">
	<Info>
		<FileType>InstallShield compressed Archive</FileType>
		<Ext>CAB</Ext>
		<ExtraInfo>
			<Rem></Rem>
			<RefURL>http://www.installshield.com/</RefURL>
		</ExtraInfo>
		<User>Marco Pontello</User>
		<E-Mail>marcopon@gmail.com</E-Mail>
		<Home>http://mark0.net</Home>
	</Info>
	<General>
		<FileNum>14</FileNum>
		<Refine>3 by Marco Pontello</Refine>
		<Date>
			<Year>2005</Year>
			<Month>02</Month>
			<Day>08</Day>
		</Date>
		<Time>
			<Hour>13</Hour>
			<Min>30</Min>
			<Sec>56</Sec>
		</Time>
		<Creator>TrIDScan32 v1.56</Creator>
	</General>
	<FrontBlock>
		<Pattern>
			<Bytes>49536328</Bytes>
			<ASCII> I S c (</ASCII>
			<Pos>0</Pos>
		</Pattern>
	</FrontBlock>
</TrID>
