<TrID ver="2.00">
	<Info>
		<FileType>Compressed archive</FileType>
		<Ext>CMZ</Ext>
		<Mime>application/octet-stream</Mime>
		<ExtraInfo>
			<Rem>Used for example in some Lotus installer.</Rem>
			<RefURL></RefURL>
		</ExtraInfo>
		<User>Marco Pontello</User>
		<E-Mail>marcopon@gmail.com</E-Mail>
		<Home>http://mark0.net</Home>
	</Info>
	<General>
		<FileNum>31</FileNum>
		<Date>
			<Year>2017</Year>
			<Month>1</Month>
			<Day>14</Day>
		</Date>
		<Time>
			<Hour>16</Hour>
			<Min>30</Min>
			<Sec>8</Sec>
		</Time>
		<Creator>TrIDScan/Py v2.02</Creator>
	</General>
	<FrontBlock>
		<Pattern>
			<Bytes>436C6179</Bytes>
			<ASCII> C l a y</ASCII>
			<Pos>0</Pos>
		</Pattern>
	</FrontBlock>
</TrID>