<TrID ver="2.00">
	<Info>
		<FileType>Jetico BCArchive encrypted archive</FileType>
		<Ext>BCA</Ext>
		<ExtraInfo>
			<Rem></Rem>
			<RefURL>http://www.jetico.com/bcarchive.htm</RefURL>
		</ExtraInfo>
		<User>Marco Pontello</User>
		<E-Mail>marcopon@gmail.com</E-Mail>
		<Home>http://mark0.net</Home>
	</Info>
	<General>
		<FileNum>2</FileNum>
		<Date>
			<Year>2004</Year>
			<Month>04</Month>
			<Day>20</Day>
		</Date>
		<Time>
			<Hour>15</Hour>
			<Min>00</Min>
			<Sec>36</Sec>
		</Time>
		<Creator>TrIDScan32 v1.55</Creator>
	</General>
	<FrontBlock>
		<Pattern>
			<Bytes>4A657469636F456E6372797074417263</Bytes>
			<ASCII> J e t i c o E n c r y p t A r c</ASCII>
			<Pos>0</Pos>
		</Pattern>
	</FrontBlock>
</TrID>
