<TrID ver="2.00">
	<Info>
		<FileType>Imp compressed archive</FileType>
		<Ext>IMP</Ext>
		<Mime></Mime>
		<ExtraInfo>
			<Rem>application/octet-stream</Rem>
			<RefURL>http://www.technelysium.com.au/winimp.html</RefURL>
		</ExtraInfo>
		<User>Marco Pontello</User>
		<E-Mail>marcopon@gmail.com</E-Mail>
		<Home>http://mark0.net</Home>
	</Info>
	<General>
		<FileNum>23</FileNum>
		<Refine>2 by Marco Pontello</Refine>
		<Date>
			<Year>2016</Year>
			<Month>12</Month>
			<Day>31</Day>
		</Date>
		<Time>
			<Hour>21</Hour>
			<Min>4</Min>
			<Sec>43</Sec>
		</Time>
		<Creator>TrIDScan/Py v2.02</Creator>
	</General>
	<FrontBlock>
		<Pattern>
			<Bytes>494D500A</Bytes>
			<ASCII> I M P</ASCII>
			<Pos>0</Pos>
		</Pattern>
	</FrontBlock>
</TrID>