<TrID ver="2.00">
	<Info>
		<FileType>AKT compressed archive</FileType>
		<Ext>AKT</Ext>
		<ExtraInfo>
			<Rem>AKT is an old compression program from Hungary.</Rem>
			<RefURL></RefURL>
		</ExtraInfo>
		<User>Marco Pontello</User>
		<E-Mail>marcopon@gmail.com</E-Mail>
		<Home>http://mark0.net</Home>	</Info>
	<General>
		<FileNum>3</FileNum>
		<CheckStrings>True</CheckStrings>
		<Date>
			<Year>2006</Year>
			<Month>05</Month>
			<Day>29</Day>
		</Date>
		<Time>
			<Hour>14</Hour>
			<Min>55</Min>
			<Sec>03</Sec>
		</Time>
		<Creator>TrIDScan32 v1.56</Creator>
	</General>
	<FrontBlock>
		<Pattern>
			<Bytes>414B540909</Bytes>
			<ASCII> A K T</ASCII>
			<Pos>0</Pos>
		</Pattern>
	</FrontBlock>
</TrID>
