<TrID ver="2.00">
	<Info>
		<FileType>LzTurbo compressed</FileType>
		<Ext>LZT</Ext>
		<Mime>application/octet-stream</Mime>
		<ExtraInfo>
			<Rem></Rem>
			<RefURL>https://sites.google.com/site/powturbo/home</RefURL>
		</ExtraInfo>
		<User>Marco Pontello</User>
		<E-Mail>marcopon@gmail.com</E-Mail>
		<Home>http://mark0.net</Home>
	</Info>
	<General>
		<FileNum>6</FileNum>
		<Date>
			<Year>2017</Year>
			<Month>4</Month>
			<Day>12</Day>
		</Date>
		<Time>
			<Hour>2</Hour>
			<Min>20</Min>
			<Sec>25</Sec>
		</Time>
		<Creator>TrIDScan/Py v2.02</Creator>
	</General>
	<FrontBlock>
		<Pattern>
			<Bytes>004C5A30</Bytes>
			<ASCII> . L Z 0</ASCII>
			<Pos>0</Pos>
		</Pattern>
	</FrontBlock>
</TrID>