<TrID ver="1.16">
	<Info>
		<FileType>AIN compressed archive</FileType>
		<Ext>AIN</Ext>
		<User>Marco Pontello</User>
		<E-Mail>marcopon@gmail.com</E-Mail>
		<Home>http://mark0.net</Home>
	</Info>
	<General>
		<FileNum>3</FileNum>
		<Date>
			<Year>2003</Year>
			<Month>07</Month>
			<Day>16</Day>
		</Date>
		<Time>
			<Hour>14</Hour>
			<Min>33</Min>
			<Sec>36</Sec>
		</Time>
		<Creator>TrIDScan32 v1.00.1</Creator>
	</General>
	<FrontBlock>
		<Pattern>
			<Bytes>21</Bytes>
			<ASCII> !</ASCII>
			<Pos>0</Pos>
		</Pattern>
		<Pattern>
			<Bytes>000000000000</Bytes>
			<Pos>2</Pos>
		</Pattern>
	</FrontBlock>
</TrID>
