<TrID ver="2.00">
	<Info>
		<FileType>PR archiving tool archive</FileType>
		<Ext>AR</Ext>
		<Mime>application/octet-stream</Mime>
		<ExtraInfo>
			<Rem>Old MSX-DOS archiver by Egor Voznessenski.</Rem>
			<RefURL></RefURL>
		</ExtraInfo>
		<User>Marco Pontello</User>
		<E-Mail>marcopon@gmail.com</E-Mail>
		<Home>http://mark0.net</Home>
	</Info>
	<General>
		<FileNum>2</FileNum>
		<Date>
			<Year>2015</Year>
			<Month>4</Month>
			<Day>2</Day>
		</Date>
		<Time>
			<Hour>3</Hour>
			<Min>27</Min>
			<Sec>39</Sec>
		</Time>
		<Creator>TrIDScan/Py v2.01</Creator>
	</General>
	<FrontBlock>
		<Pattern>
			<Bytes>41520D</Bytes>
			<ASCII> A R</ASCII>
			<Pos>0</Pos>
		</Pattern>
	</FrontBlock>
</TrID>