<TrID ver="2.00">
	<Info>
		<FileType>QazaR compressed file</FileType>
		<Ext>AZA</Ext>
		<ExtraInfo>
			<Rem>An experimental compressor by Denis Kyznetsov.</Rem>
			<RefURL>http://www.qarc.narod.ru/</RefURL>
		</ExtraInfo>
		<User>Marco Pontello</User>
		<E-Mail>marcopon@gmail.com</E-Mail>
		<Home>http://mark0.net</Home>	</Info>
	<General>
		<FileNum>3</FileNum>
		<Date>
			<Year>2007</Year>
			<Month>07</Month>
			<Day>23</Day>
		</Date>
		<Time>
			<Hour>10</Hour>
			<Min>59</Min>
			<Sec>51</Sec>
		</Time>
		<Creator>TrIDScan32 v1.56</Creator>
	</General>
	<FrontBlock>
		<Pattern>
			<Bytes>3F323233</Bytes>
			<ASCII> ? 2 2 3</ASCII>
			<Pos>0</Pos>
		</Pattern>
	</FrontBlock>
</TrID>
