<TrID ver="2.00">
	<Info>
		<FileType>GZipped data</FileType>
		<Ext>Z/GZ/GZIP</Ext>
		<Mime>application/gzip</Mime>
		<ExtraInfo>
			<Rem></Rem>
			<RefURL>http://en.wikipedia.org/wiki/Gzip</RefURL>
		</ExtraInfo>
		<User>Davide "Airex" Airaghi</User>
		<E-Mail>airex"AT"tiscali"DOT"it</E-Mail>
		<Home>http://tinyurl.com/6vyg2wu</Home>
	</Info>
	<General>
		<FileNum>168</FileNum>
		<Refine>147 by Marco Pontello</Refine>
		<Date>
			<Year>2015</Year>
			<Month>2</Month>
			<Day>10</Day>
		</Date>
		<Time>
			<Hour>0</Hour>
			<Min>57</Min>
			<Sec>44</Sec>
		</Time>
		<Creator>TrIDScan/Py v1.92</Creator>
	</General>
	<FrontBlock>
		<Pattern>
			<Bytes>1F8B08</Bytes>
			<Pos>0</Pos>
		</Pattern>
	</FrontBlock>
</TrID>