<TrID ver="2.00">
	<Info>
		<FileType>DURILCA compressed file</FileType>
		<Ext>DUR</Ext>
		<ExtraInfo>
			<Rem>DURILCA (dirty useless really illusory compressor/archiver) is an experimental compressor by Dmitry Shkarin</Rem>
			<RefURL></RefURL>
		</ExtraInfo>
		<User>Marco Pontello</User>
		<E-Mail>marcopon@gmail.com</E-Mail>
		<Home>http://mark0.net</Home>
	</Info>
	<General>
		<FileNum>16</FileNum>
		<Refine>4 by Marco Pontello</Refine>
		<CheckStrings>True</CheckStrings>
		<Date>
			<Year>2004</Year>
			<Month>10</Month>
			<Day>12</Day>
		</Date>
		<Time>
			<Hour>11</Hour>
			<Min>49</Min>
			<Sec>26</Sec>
		</Time>
		<Creator>TrIDScan32 v1.56</Creator>
	</General>
	<FrontBlock>
		<Pattern>
			<Bytes>A493</Bytes>
			<Pos>0</Pos>
		</Pattern>
	</FrontBlock>
</TrID>
