<TrID ver="2.00">
	<Info>
		<FileType>BriefLZ compressed data</FileType>
		<Ext>BLZ</Ext>
		<ExtraInfo>
			<Rem></Rem>
			<RefURL>http://www.ibsensoftware.com</RefURL>
		</ExtraInfo>
		<User>Label</User>
		<E-Mail></E-Mail>
		<Home></Home>
	</Info>
	<General>
		<FileNum>18</FileNum>
		<Refine>1 by Marco Pontello</Refine>
		<Date>
			<Year>2009</Year>
			<Month>04</Month>
			<Day>23</Day>
		</Date>
		<Time>
			<Hour>20</Hour>
			<Min>45</Min>
			<Sec>16</Sec>
		</Time>
		<Creator>TrIDScan32 v1.56</Creator>
	</General>
	<FrontBlock>
		<Pattern>
			<Bytes>626C7A1A</Bytes>
			<ASCII> b l z</ASCII>
			<Pos>0</Pos>
		</Pattern>
	</FrontBlock>
</TrID>
