<TrID ver="2.00">
	<Info>
		<FileType>ASD Archiever compressed archive</FileType>
		<Ext>ASD</Ext>
		<ExtraInfo>
			<Rem></Rem>
			<RefURL>ASD is an old compression program by Tobias Svensson.</RefURL>
		</ExtraInfo>
		<User>Marco Pontello</User>
		<E-Mail>marcopon@gmail.com</E-Mail>
		<Home>http://mark0.net</Home>
	</Info>
	<General>
		<FileNum>4</FileNum>
		<Refine>2 by Marco Pontello</Refine>
		<Date>
			<Year>2009</Year>
			<Month>04</Month>
			<Day>23</Day>
		</Date>
		<Time>
			<Hour>18</Hour>
			<Min>25</Min>
			<Sec>57</Sec>
		</Time>
		<Creator>TrIDScan32 v1.56</Creator>
	</General>
	<FrontBlock>
		<Pattern>
			<Bytes>415344</Bytes>
			<ASCII> A S D</ASCII>
			<Pos>0</Pos>
		</Pattern>
		<Pattern>
			<Bytes>1A</Bytes>
			<Pos>5</Pos>
		</Pattern>
	</FrontBlock>
</TrID>
