<TrID ver="1.16">
    <Info>
        <FileType>CAR compressed archive</FileType>
        <Ext>CAR</Ext>
        <User>Marco Pontello</User>
        <E-Mail>marcopon@gmail.com</E-Mail>
        <Home>http://mark0.net</Home>
    </Info>
    <General>
        <FileNum>4</FileNum>
        <Date>
            <Year>2003</Year>
            <Month>07</Month>
            <Day>22</Day>
        </Date>
        <Time>
            <Hour>13</Hour>
            <Min>17</Min>
            <Sec>47</Sec>
        </Time>
        <Creator>TrIDScan32 v1.00.1</Creator>
    </General>
    <FrontBlock>
        <Pattern>
            <Bytes>1F</Bytes>
            <Pos>0</Pos>
        </Pattern>
        <Pattern>
            <Bytes>2D6C68352D</Bytes>
            <ASCII> - l h 5 -</ASCII>
            <Pos>2</Pos>
        </Pattern>
    </FrontBlock>
</TrID>
