<TrID ver="2.00">
	<Info>
		<FileType>Bank game data archive</FileType>
		<Ext>BNK</Ext>
		<Mime>application/octet-stream</Mime>
		<ExtraInfo>
			<Rem>Used in the game Halloween Harry.</Rem>
			<RefURL>http://www.shikadi.net/moddingwiki/BNK_Format_(Halloween_Harry)</RefURL>
		</ExtraInfo>
		<User>Marco Pontello</User>
		<E-Mail>marcopon@gmail.com</E-Mail>
		<Home>http://mark0.net</Home>
	</Info>
	<General>
		<FileNum>2</FileNum>
		<Date>
			<Year>2016</Year>
			<Month>10</Month>
			<Day>14</Day>
		</Date>
		<Time>
			<Hour>19</Hour>
			<Min>59</Min>
			<Sec>14</Sec>
		</Time>
		<Creator>TrIDScan/Py v2.02</Creator>
	</General>
	<FrontBlock>
		<Pattern>
			<Bytes>042D49442D</Bytes>
			<ASCII> . - I D -</ASCII>
			<Pos>0</Pos>
		</Pattern>
	</FrontBlock>
</TrID>