<TrID ver="2.00">
	<Info>
		<FileType>DGCA Digital G Codec Archiver</FileType>
		<Ext>DGC</Ext>
		<Mime>application/x-dgca-compressed</Mime>
		<ExtraInfo>
			<Rem>DGCA is a freeware compression utility created in 2001 by Shin-ichi Tsuruta.</Rem>
			<RefURL>http://www.emit.jp/dgca/dgca.html</RefURL>
		</ExtraInfo>
		<User>Marco Pontello</User>
		<E-Mail>marcopon@gmail.com</E-Mail>
		<Home>http://mark0.net</Home>
	</Info>
	<General>
		<FileNum>7</FileNum>
		<Refine>3 by Marco Pontello</Refine>
		<Date>
			<Year>2016</Year>
			<Month>12</Month>
			<Day>22</Day>
		</Date>
		<Time>
			<Hour>21</Hour>
			<Min>33</Min>
			<Sec>26</Sec>
		</Time>
		<Creator>TrIDScan/Py v2.02</Creator>
	</General>
	<FrontBlock>
		<Pattern>
			<Bytes>44474341</Bytes>
			<ASCII> D G C A</ASCII>
			<Pos>0</Pos>
		</Pattern>
		<Pattern>
			<Bytes>44415441</Bytes>
			<ASCII> D A T A</ASCII>
			<Pos>32</Pos>
		</Pattern>
	</FrontBlock>
</TrID>