<TrID ver="2.00">
	<Info>
		<FileType>GLB game data archive</FileType>
		<Ext>GLB</Ext>
		<Mime>application/octet-stream</Mime>
		<ExtraInfo>
			<Rem>Used in the game Galactix.</Rem>
			<RefURL>http://www.shikadi.net/moddingwiki/GLB_Format_(Galactix)</RefURL>
		</ExtraInfo>
		<User>Marco Pontello</User>
		<E-Mail>marcopon@gmail.com</E-Mail>
		<Home>http://mark0.net</Home>
	</Info>
	<General>
		<FileNum>2</FileNum>
		<CheckStrings>True</CheckStrings>
		<Date>
			<Year>2016</Year>
			<Month>10</Month>
			<Day>14</Day>
		</Date>
		<Time>
			<Hour>20</Hour>
			<Min>3</Min>
			<Sec>19</Sec>
		</Time>
		<Creator>TrIDScan/Py v2.02</Creator>
	</General>
	<FrontBlock>
		<Pattern>
			<Bytes>474C49422046494C4500</Bytes>
			<ASCII> G L I B   F I L E</ASCII>
			<Pos>4</Pos>
		</Pattern>
	</FrontBlock>
	<GlobalStrings>
		<String>GLIB FILE</String>
	</GlobalStrings>
</TrID>