<TrID ver="2.00">
	<Info>
		<FileType>KBOOM11 compressed</FileType>
		<Ext></Ext>
		<ExtraInfo>
			<Rem>KBOOM11 is an old compression tool written in ASM by Miles Pawski.</Rem>
			<RefURL></RefURL>
		</ExtraInfo>
		<User>Marco Pontello</User>
		<E-Mail>marcopon@gmail.com</E-Mail>
		<Home>http://mark0.net</Home>	</Info>
	<General>
		<FileNum>7</FileNum>
		<Date>
			<Year>2006</Year>
			<Month>05</Month>
			<Day>29</Day>
		</Date>
		<Time>
			<Hour>15</Hour>
			<Min>01</Min>
			<Sec>09</Sec>
		</Time>
		<Creator>TrIDScan32 v1.56</Creator>
	</General>
	<FrontBlock>
		<Pattern>
			<Bytes>A84D50A8</Bytes>
			<ASCII> . M P</ASCII>
			<Pos>0</Pos>
		</Pattern>
	</FrontBlock>
</TrID>
