<TrID ver="2.00">
	<Info>
		<FileType>MAr compressed archive</FileType>
		<Ext>MAR</Ext>
		<ExtraInfo>
			<Rem>MAr stands for Melting-Pot ARchiver.</Rem>
			<RefURL></RefURL>
		</ExtraInfo>
		<User>Marco Pontello</User>
		<E-Mail>marcopon@gmail.com</E-Mail>
		<Home>http://mark0.net</Home>	</Info>
	<General>
		<FileNum>5</FileNum>
		<Date>
			<Year>2007</Year>
			<Month>07</Month>
			<Day>23</Day>
		</Date>
		<Time>
			<Hour>18</Hour>
			<Min>26</Min>
			<Sec>33</Sec>
		</Time>
		<Creator>TrIDScan32 v1.56</Creator>
	</General>
	<FrontBlock>
		<Pattern>
			<Bytes>4D41723000</Bytes>
			<ASCII> M A r 0</ASCII>
			<Pos>0</Pos>
		</Pattern>
	</FrontBlock>
</TrID>
