<TrID ver="2.00">
	<Info>
		<FileType>SDS Software DISK-Masher compressed disk image</FileType>
		<Ext>DMS</Ext>
		<ExtraInfo>
			<Rem>DISK-Masher is a compressed disk image creator for Amiga</Rem>
			<RefURL></RefURL>
		</ExtraInfo>
		<User>Marco Pontello</User>
		<E-Mail>marcopon@gmail.com</E-Mail>
		<Home>http://mark0.net</Home>
	</Info>
	<General>
		<FileNum>3</FileNum>
		<Date>
			<Year>2004</Year>
			<Month>07</Month>
			<Day>18</Day>
		</Date>
		<Time>
			<Hour>23</Hour>
			<Min>08</Min>
			<Sec>30</Sec>
		</Time>
		<Creator>TrIDScan32 v1.55</Creator>
	</General>
	<FrontBlock>
		<Pattern>
			<Bytes>444D5321</Bytes>
			<ASCII> D M S !</ASCII>
			<Pos>0</Pos>
		</Pattern>
		<Pattern>
			<Bytes>5452</Bytes>
			<ASCII> T R</ASCII>
			<Pos>56</Pos>
		</Pattern>
	</FrontBlock>
</TrID>
