<TrID ver="2.00">
	<Info>
		<FileType>ARX compressed archive</FileType>
		<Ext>ARX</Ext>
		<ExtraInfo>
			<Rem>A compression program by Michael A. Kosior.</Rem>
			<RefURL></RefURL>
		</ExtraInfo>
		<User>Marco Pontello</User>
		<E-Mail>marcopon@gmail.com</E-Mail>
		<Home>http://mark0.net</Home>
	</Info>
	<General>
		<FileNum>6</FileNum>
		<Refine>1 by Label</Refine>
		<Date>
			<Year>2009</Year>
			<Month>04</Month>
			<Day>23</Day>
		</Date>
		<Time>
			<Hour>18</Hour>
			<Min>57</Min>
			<Sec>48</Sec>
		</Time>
		<Creator>TrIDScan32 v1.56</Creator>
	</General>
	<FrontBlock>
		<Pattern>
			<Bytes>2D6C68312D00</Bytes>
			<ASCII> - l h 1 -</ASCII>
			<Pos>2</Pos>
		</Pattern>
	</FrontBlock>
</TrID>
