<TrID ver="1.15">
    <Info>
        <FileType>JAR Compressed Archive</FileType>
        <Ext>J</Ext>
        <User>Marco Pontello</User>
        <E-Mail>marcopon@gmail.com</E-Mail>
    </Info>
    <General>
        <FileNum>14</FileNum>
        <Date>
            <Year>2003</Year>
            <Month>4</Month>
            <Day>28</Day>
        </Date>
        <Time>
            <Hour>10</Hour>
            <Min>44</Min>
            <Sec>30</Sec>
        </Time>
    </General>
    <FrontBlock>
        <Pattern>
            <Bytes>40000000</Bytes>
            <Pos>4</Pos>
        </Pattern>
        <Pattern>
            <Bytes>0000001A4A61721B0000000000</Bytes>
            <Pos>11</Pos>
        </Pattern>
        <Pattern>
            <Bytes>00000700</Bytes>
            <Pos>28</Pos>
        </Pattern>
        <Pattern>
            <Bytes>00</Bytes>
            <Pos>35</Pos>
        </Pattern>
        <Pattern>
            <Bytes>0000000000000000000000000000000000000000000000001996053016306801011010</Bytes>
            <Pos>40</Pos>
        </Pattern>
        <Pattern>
            <Bytes>00000000000001</Bytes>
            <Pos>77</Pos>
        </Pattern>
    </FrontBlock>
</TrID>
