<TrID ver="2.00">
	<Info>
		<FileType>LZIP compressed archive</FileType>
		<Ext>LZ</Ext>
		<ExtraInfo>
			<Rem></Rem>
			<RefURL>http://www.nongnu.org/lzip/lzip.html</RefURL>
		</ExtraInfo>
		<User>Marco Pontello</User>
		<E-Mail>marcopon@gmail.com</E-Mail>
		<Home>http://mark0.net</Home>
	</Info>
	<General>
		<FileNum>4</FileNum>
		<Date>
			<Year>2009</Year>
			<Month>08</Month>
			<Day>30</Day>
		</Date>
		<Time>
			<Hour>15</Hour>
			<Min>59</Min>
			<Sec>55</Sec>
		</Time>
		<Creator>TrIDScan32 v1.56</Creator>
	</General>
	<FrontBlock>
		<Pattern>
			<Bytes>4C5A4950</Bytes>
			<ASCII> L Z I P</ASCII>
			<Pos>0</Pos>
		</Pattern>
	</FrontBlock>
</TrID>
