<TrID ver="2.00">
	<Info>
		<FileType>JMA compressed archive</FileType>
		<Ext>JMA</Ext>
		<Mime>application/octet-stream</Mime>
		<ExtraInfo>
			<Rem></Rem>
			<RefURL>https://sourceforge.net/p/sevenzip/discussion/45797/thread/8807c446/</RefURL>
		</ExtraInfo>
		<User>Marco Pontello</User>
		<E-Mail>marcopon@gmail.com</E-Mail>
		<Home>http://mark0.net</Home>
	</Info>
	<General>
		<FileNum>2</FileNum>
		<Date>
			<Year>2017</Year>
			<Month>4</Month>
			<Day>7</Day>
		</Date>
		<Time>
			<Hour>14</Hour>
			<Min>47</Min>
			<Sec>31</Sec>
		</Time>
		<Creator>TrIDScan/Py v2.02</Creator>
	</General>
	<FrontBlock>
		<Pattern>
			<Bytes>4A4D41004E</Bytes>
			<ASCII> J M A . N</ASCII>
			<Pos>0</Pos>
		</Pattern>
	</FrontBlock>
</TrID>