<TrID ver="1.16">
	<Info>
		<FileType>Hyper archive (compressed)</FileType>
		<Ext>HYP</Ext>
		<User>Marco Pontello</User>
		<E-Mail>marcopon@gmail.com</E-Mail>
		<Home>http://mark0.net</Home>
	</Info>
	<General>
		<FileNum>4</FileNum>
		<Date>
			<Year>2003</Year>
			<Month>07</Month>
			<Day>16</Day>
		</Date>
		<Time>
			<Hour>15</Hour>
			<Min>36</Min>
			<Sec>47</Sec>
		</Time>
		<Creator>TrIDScan32 v1.00.1</Creator>
	</General>
	<FrontBlock>
		<Pattern>
			<Bytes>1A485025</Bytes>
			<ASCII> . H P %</ASCII>
			<Pos>0</Pos>
		</Pattern>
	</FrontBlock>
</TrID>
