<TrID ver="2.00">
	<Info>
		<FileType>Dar archive</FileType>
		<Ext>DAR</Ext>
		<Mime>application/x-dar</Mime>
		<ExtraInfo>
			<Rem>Dar stands for Disk archiver.</Rem>
			<RefURL>http://en.wikipedia.org/wiki/Dar_(disk_archiver)</RefURL>
		</ExtraInfo>
		<User>Marco Pontello</User>
		<E-Mail>marcopon@gmail.com</E-Mail>
		<Home>http://mark0.net</Home>
	</Info>
	<General>
		<FileNum>2</FileNum>
		<Date>
			<Year>2015</Year>
			<Month>4</Month>
			<Day>23</Day>
		</Date>
		<Time>
			<Hour>1</Hour>
			<Min>29</Min>
			<Sec>46</Sec>
		</Time>
		<Creator>TrIDScan/Py v2.01</Creator>
	</General>
	<FrontBlock>
		<Pattern>
			<Bytes>0000007B</Bytes>
			<ASCII> . . . {</ASCII>
			<Pos>0</Pos>
		</Pattern>
	</FrontBlock>
</TrID>