<TrID ver="2.00">
	<Info>
		<FileType>Chasm BIN archive</FileType>
		<Ext>BIN</Ext>
		<Mime>application/octet-stream</Mime>
		<ExtraInfo>
			<Rem>Used in Chasm: The Rift game.</Rem>
			<RefURL>http://www.shikadi.net/moddingwiki/BIN_Format_(Chasm)</RefURL>
		</ExtraInfo>
		<User>Marco Pontello</User>
		<E-Mail>marcopon@gmail.com</E-Mail>
		<Home>http://mark0.net</Home>
	</Info>
	<General>
		<FileNum>2</FileNum>
		<Date>
			<Year>2016</Year>
			<Month>10</Month>
			<Day>14</Day>
		</Date>
		<Time>
			<Hour>19</Hour>
			<Min>56</Min>
			<Sec>34</Sec>
		</Time>
		<Creator>TrIDScan/Py v2.02</Creator>
	</General>
	<FrontBlock>
		<Pattern>
			<Bytes>43536964</Bytes>
			<ASCII> C S i d</ASCII>
			<Pos>0</Pos>
		</Pattern>
	</FrontBlock>
</TrID>