<TrID ver="2.00">
	<Info>
		<FileType>DLT game data archive</FileType>
		<Ext>DLT</Ext>
		<Mime>application/octet-stream</Mime>
		<ExtraInfo>
			<Rem>Used in the game Stargunner.</Rem>
			<RefURL>http://www.shikadi.net/moddingwiki/DLT_Format</RefURL>
		</ExtraInfo>
		<User>Marco Pontello</User>
		<E-Mail>marcopon@gmail.com</E-Mail>
		<Home>http://mark0.net</Home>
	</Info>
	<General>
		<FileNum>2</FileNum>
		<Date>
			<Year>2016</Year>
			<Month>10</Month>
			<Day>14</Day>
		</Date>
		<Time>
			<Hour>17</Hour>
			<Min>49</Min>
			<Sec>52</Sec>
		</Time>
		<Creator>TrIDScan/Py v2.02</Creator>
	</General>
	<FrontBlock>
		<Pattern>
			<Bytes>44415645</Bytes>
			<ASCII> D A V E</ASCII>
			<Pos>0</Pos>
		</Pattern>
	</FrontBlock>
</TrID>