<TrID ver="2.00">
	<Info>
		<FileType>ARQ archive</FileType>
		<Ext>ARQ</Ext>
		<Mime>application/octet-stream</Mime>
		<ExtraInfo>
			<Rem></Rem>
			<RefURL></RefURL>
		</ExtraInfo>
		<User>Marco Pontello</User>
		<E-Mail>marcopon@gmail.com</E-Mail>
		<Home>http://mark0.net</Home>
	</Info>
	<General>
		<FileNum>4</FileNum>
		<Date>
			<Year>2015</Year>
			<Month>12</Month>
			<Day>24</Day>
		</Date>
		<Time>
			<Hour>21</Hour>
			<Min>47</Min>
			<Sec>41</Sec>
		</Time>
		<Creator>TrIDScan/Py v2.02</Creator>
	</General>
	<FrontBlock>
		<Pattern>
			<Bytes>67570401</Bytes>
			<ASCII> g W</ASCII>
			<Pos>0</Pos>
		</Pattern>
	</FrontBlock>
</TrID>