<TrID ver="2.00">
	<Info>
		<FileType>Scifer Archiver compressed Binary Archive</FileType>
		<Ext>SEN/BA</Ext>
		<Mime>application/octet-stream</Mime>
		<ExtraInfo>
			<Rem></Rem>
			<RefURL>http://www.senthilkumarr.com/scifer.html</RefURL>
		</ExtraInfo>
		<User>Marco Pontello</User>
		<E-Mail>marcopon@gmail.com</E-Mail>
		<Home>http://mark0.net</Home>
	</Info>
	<General>
		<FileNum>3</FileNum>
		<Refine>1 by Marco Pontello</Refine>
		<Date>
			<Year>2017</Year>
			<Month>3</Month>
			<Day>22</Day>
		</Date>
		<Time>
			<Hour>13</Hour>
			<Min>55</Min>
			<Sec>30</Sec>
		</Time>
		<Creator>TrIDScan/Py v2.02</Creator>
	</General>
	<FrontBlock>
		<Pattern>
			<Bytes>ACEAFACE</Bytes>
			<Pos>0</Pos>
		</Pattern>
	</FrontBlock>
</TrID>