<TrID ver="2.00">
	<Info>
		<FileType>Dzip compressed archive</FileType>
		<Ext>DZ</Ext>
		<ExtraInfo>
			<Rem>A file compressor by Nolan Pflug, Stefan Schwoon and others.</Rem>
			<RefURL></RefURL>
		</ExtraInfo>
		<User>Marco Pontello</User>
		<E-Mail>marcopon@gmail.com</E-Mail>
		<Home>http://mark0.net</Home>	</Info>
	<General>
		<FileNum>3</FileNum>
		<Date>
			<Year>2007</Year>
			<Month>12</Month>
			<Day>21</Day>
		</Date>
		<Time>
			<Hour>11</Hour>
			<Min>29</Min>
			<Sec>24</Sec>
		</Time>
		<Creator>TrIDScan32 v1.56</Creator>
	</General>
	<FrontBlock>
		<Pattern>
			<Bytes>445A0209</Bytes>
			<ASCII> D Z</ASCII>
			<Pos>0</Pos>
		</Pattern>
	</FrontBlock>
</TrID>
