<TrID ver="2.00">
	<Info>
		<FileType>ar archive</FileType>
		<Ext>AR</Ext>
		<Mime>application/octet-stream</Mime>
		<ExtraInfo>
			<Rem></Rem>
			<RefURL>https://en.wikipedia.org/wiki/Ar_(Unix)</RefURL>
		</ExtraInfo>
		<User>Marco Pontello</User>
		<E-Mail>marcopon@gmail.com</E-Mail>
		<Home>http://mark0.net</Home>
	</Info>
	<General>
		<FileNum>2</FileNum>
		<Date>
			<Year>2015</Year>
			<Month>11</Month>
			<Day>9</Day>
		</Date>
		<Time>
			<Hour>0</Hour>
			<Min>19</Min>
			<Sec>23</Sec>
		</Time>
		<Creator>TrIDScan/Py v2.01</Creator>
	</General>
	<FrontBlock>
		<Pattern>
			<Bytes>213C617263683E</Bytes>
			<ASCII> ! . a r c h</ASCII>
			<Pos>0</Pos>
		</Pattern>
	</FrontBlock>
</TrID>