<TrID ver="2.00">
	<Info>
		<FileType>ALZip compressed archive</FileType>
		<Ext>ALZ</Ext>
		<ExtraInfo>
			<Rem></Rem>
			<RefURL>http://www.altools.net</RefURL>
		</ExtraInfo>
		<User>Marco Pontello</User>
		<E-Mail>marcopon@gmail.com</E-Mail>
		<Home>http://mark0.net</Home>
	</Info>
	<General>
		<FileNum>8</FileNum>
		<Refine>1 by Marco Pontello</Refine>
		<Date>
			<Year>2008</Year>
			<Month>04</Month>
			<Day>03</Day>
		</Date>
		<Time>
			<Hour>13</Hour>
			<Min>33</Min>
			<Sec>39</Sec>
		</Time>
		<Creator>TrIDScan32 v1.56</Creator>
	</General>
	<FrontBlock>
		<Pattern>
			<Bytes>414C5A01</Bytes>
			<ASCII> A L Z</ASCII>
			<Pos>0</Pos>
		</Pattern>
	</FrontBlock>
</TrID>
