<TrID ver="2.00">
	<Info>
		<FileType>Squash compressed archive</FileType>
		<Ext>ARH</Ext>
		<Mime>application/octet-stream</Mime>
		<ExtraInfo>
			<Rem>DOS compression program by D.Murk.</Rem>
			<RefURL></RefURL>
		</ExtraInfo>
		<User>Marco Pontello</User>
		<E-Mail>marcopon@gmail.com</E-Mail>
		<Home>http://mark0.net</Home>
	</Info>
	<General>
		<FileNum>5</FileNum>
		<Date>
			<Year>2017</Year>
			<Month>1</Month>
			<Day>15</Day>
		</Date>
		<Time>
			<Hour>15</Hour>
			<Min>55</Min>
			<Sec>29</Sec>
		</Time>
		<Creator>TrIDScan/Py v2.02</Creator>
	</General>
	<FrontBlock>
		<Pattern>
			<Bytes>0A01094F637453717509017976657279006D72</Bytes>
			<ASCII> . . . O c t S q u . . y v e r y . m r</ASCII>
			<Pos>0</Pos>
		</Pattern>
	</FrontBlock>
</TrID>