<TrID ver="2.00">
	<Info>
		<FileType>Final Fantasy Game Archive</FileType>
		<Ext>LGP</Ext>
		<ExtraInfo>
			<Rem></Rem>
			<RefURL></RefURL>
		</ExtraInfo>
		<User>Marco Pontello</User>
		<E-Mail>marcopon@gmail.com</E-Mail>
		<Home>http://mark0.net</Home>	</Info>
	<General>
		<FileNum>2</FileNum>
		<CheckStrings>True</CheckStrings>
		<Date>
			<Year>2006</Year>
			<Month>08</Month>
			<Day>17</Day>
		</Date>
		<Time>
			<Hour>19</Hour>
			<Min>00</Min>
			<Sec>04</Sec>
		</Time>
		<Creator>TrIDScan32 v1.56</Creator>
	</General>
	<FrontBlock>
		<Pattern>
			<Bytes>0000535155415245534F4654</Bytes>
			<ASCII> . . S Q U A R E S O F T</ASCII>
			<Pos>0</Pos>
		</Pattern>
	</FrontBlock>
	<GlobalStrings>
		<String>FINAL FANTASY</String>
		<String>SQUARESOFT</String>
	</GlobalStrings>
</TrID>
