<TrID ver="2.00">
	<Info>
		<FileType>asar Electron Archive</FileType>
		<Ext>ASAR</Ext>
		<Mime>application/octet-stream</Mime>
		<ExtraInfo>
			<Rem></Rem>
			<RefURL>https://github.com/electron/asar</RefURL>
		</ExtraInfo>
		<User>Marco Pontello</User>
		<E-Mail>marcopon@gmail.com</E-Mail>
		<Home>http://mark0.net</Home>
	</Info>
	<General>
		<FileNum>10</FileNum>
		<CheckStrings>True</CheckStrings>
		<Date>
			<Year>2016</Year>
			<Month>8</Month>
			<Day>6</Day>
		</Date>
		<Time>
			<Hour>15</Hour>
			<Min>49</Min>
			<Sec>33</Sec>
		</Time>
		<Creator>TrIDScan/Py v2.02</Creator>
	</General>
	<FrontBlock>
		<Pattern>
			<Bytes>04000000</Bytes>
			<Pos>0</Pos>
		</Pattern>
		<Pattern>
			<Bytes>00007B2266696C6573223A7B22</Bytes>
			<ASCII> . . { " f i l e s " : { "</ASCII>
			<Pos>14</Pos>
		</Pattern>
	</FrontBlock>
	<GlobalStrings>
		<String>OFFSET</String>
		<String>SIZE</String>
	</GlobalStrings>
</TrID>