<TrID ver="2.00">
	<Info>
		<FileType>ADPACK32 compressed archive</FileType>
		<Ext></Ext>
		<Mime>application/octet-stream</Mime>
		<ExtraInfo>
			<Rem></Rem>
			<RefURL></RefURL>
		</ExtraInfo>
		<User>Marco Pontello</User>
		<E-Mail>marcopon@gmail.com</E-Mail>
		<Home>http://mark0.net</Home>
	</Info>
	<General>
		<FileNum>2</FileNum>
		<Date>
			<Year>2016</Year>
			<Month>10</Month>
			<Day>22</Day>
		</Date>
		<Time>
			<Hour>16</Hour>
			<Min>40</Min>
			<Sec>25</Sec>
		</Time>
		<Creator>TrIDScan/Py v2.02</Creator>
	</General>
	<FrontBlock>
		<Pattern>
			<Bytes>41445041434B3332</Bytes>
			<ASCII> A D P A C K 3 2</ASCII>
			<Pos>0</Pos>
		</Pattern>
	</FrontBlock>
</TrID>