<TrID ver="2.00">
	<Info>
		<FileType>Lynx archive</FileType>
		<Ext>LNX</Ext>
		<Mime>application/octet-stream</Mime>
		<ExtraInfo>
			<Rem>A Commodore 64 format.</Rem>
			<RefURL>http://fileformats.archiveteam.org/wiki/Lynx_archive</RefURL>
		</ExtraInfo>
		<User>Marco Pontello</User>
		<E-Mail>marcopon@gmail.com</E-Mail>
		<Home>http://mark0.net</Home>
	</Info>
	<General>
		<FileNum>12</FileNum>
		<Date>
			<Year>2017</Year>
			<Month>3</Month>
			<Day>22</Day>
		</Date>
		<Time>
			<Hour>13</Hour>
			<Min>27</Min>
			<Sec>32</Sec>
		</Time>
		<Creator>TrIDScan/Py v2.02</Creator>
	</General>
	<FrontBlock>
		<Pattern>
			<Bytes>01085B080A009735333238302C303A9735333238312C303A973634362CC228313632293A9922931111111111111111223A99222020202020555345204C594E5820544F20444953534F4C564520544849532046494C45223A893130000000</Bytes>
			<ASCII> . . [ . . . . 5 3 2 8 0 , 0 : . 5 3 2 8 1 , 0 : . 6 4 6 , . ( 1 6 2 ) : . " . . . . . . . . . " : . "           U S E   L Y N X   T O   D I S S O L V E   T H I S   F I L E " : . 1 0</ASCII>
			<Pos>0</Pos>
		</Pattern>
	</FrontBlock>
</TrID>