<TrID ver="2.00">
	<Info>
		<FileType>Internet Archive ARC File Format</FileType>
		<Ext>ARC</Ext>
		<Mime>text/plain</Mime>
		<ExtraInfo>
			<Rem></Rem>
			<RefURL>http://archive.org/web/researcher/ArcFileFormat.php</RefURL>
		</ExtraInfo>
		<User>Marco Pontello</User>
		<E-Mail>marcopon@gmail.com</E-Mail>
		<Home>http://mark0.net</Home>
	</Info>
	<General>
		<FileNum>22</FileNum>
		<CheckStrings>True</CheckStrings>
		<Date>
			<Year>2016</Year>
			<Month>12</Month>
			<Day>3</Day>
		</Date>
		<Time>
			<Hour>2</Hour>
			<Min>44</Min>
			<Sec>38</Sec>
		</Time>
		<Creator>TrIDScan/Py v2.02</Creator>
	</General>
	<FrontBlock>
		<Pattern>
			<Bytes>66696C65646573633A2F2F</Bytes>
			<ASCII> f i l e d e s c : / /</ASCII>
			<Pos>0</Pos>
		</Pattern>
	</FrontBlock>
	<GlobalStrings>
		<String>URL IP-ADDRESS ARCHIVE-DATE CONTENT-TYPE</String>
		<String>ARCHIVE-LENGTH</String>
		<String>FILEDESC</String>
		<String>SERVER</String>
		<String>PLAIN</String>
		<String>.ARC</String>
		<String>HTML</String>
		<String>HTTP</String>
		<String>TEXT</String>
	</GlobalStrings>
</TrID>