<TrID ver="1.16">
	<Info>
		<FileType>Hamarsoft HAP 3.x compressed archive</FileType>
		<Ext>HAP</Ext>
		<User>Marco Pontello</User>
		<E-Mail>marcopon@gmail.com</E-Mail>
		<Home>http://mark0.net</Home>
	</Info>
	<General>
		<FileNum>3</FileNum>
		<Date>
			<Year>2003</Year>
			<Month>07</Month>
			<Day>16</Day>
		</Date>
		<Time>
			<Hour>15</Hour>
			<Min>22</Min>
			<Sec>35</Sec>
		</Time>
		<Creator>TrIDScan32 v1.00.1</Creator>
	</General>
	<FrontBlock>
		<Pattern>
			<Bytes>91334846</Bytes>
			<ASCII> . 3 H F</ASCII>
			<Pos>0</Pos>
		</Pattern>
	</FrontBlock>
</TrID>
