<TrID ver="1.16">
    <Info>
        <FileType>Microsoft(/MSN) MARC archive</FileType>
        <Ext>MAR</Ext>
        <User>Marco Pontello</User>
        <E-Mail>marcopon@gmail.com</E-Mail>
        <Home>http://mark0.net</Home>
    </Info>
    <General>
        <FileNum>7</FileNum>
        <Date>
            <Year>2003</Year>
            <Month>07</Month>
            <Day>17</Day>
        </Date>
        <Time>
            <Hour>14</Hour>
            <Min>45</Min>
            <Sec>40</Sec>
        </Time>
        <Creator>TrIDScan32 v1.00.1</Creator>
    </General>
    <FrontBlock>
        <Pattern>
            <Bytes>4D415243</Bytes>
            <ASCII> M A R C</ASCII>
            <Pos>0</Pos>
        </Pattern>
    </FrontBlock>
</TrID>
