<TrID ver="1.16">
    <Info>
        <FileType>Freeze! compressed archive</FileType>
        <Ext>ICE</Ext>
        <User>Marco Pontello</User>
        <E-Mail>marcopon@gmail.com</E-Mail>
        <Home>http://mark0.net</Home>
    </Info>
    <General>
        <FileNum>2</FileNum>
        <Date>
            <Year>2003</Year>
            <Month>07</Month>
            <Day>22</Day>
        </Date>
        <Time>
            <Hour>00</Hour>
            <Min>52</Min>
            <Sec>44</Sec>
        </Time>
        <Creator>TrIDScan32 v1.00.1</Creator>
    </General>
    <FrontBlock>
        <Pattern>
            <Bytes>4652</Bytes>
            <ASCII> F R</ASCII>
            <Pos>0</Pos>
        </Pattern>
    </FrontBlock>
</TrID>
