<TrID ver="2.00">
	<Info>
		<FileType>CTXf compressed archive</FileType>
		<Ext>CXF</Ext>
		<ExtraInfo>
			<Rem>CTX is a free file archiver by Nikita Lesnikov.</Rem>
			<RefURL>http://www.nlo-one.narod.ru/ctx/index.html</RefURL>
		</ExtraInfo>
		<User>Marco Pontello</User>
		<E-Mail>marcopon@gmail.com</E-Mail>
		<Home>http://mark0.net</Home>
	</Info>
	<General>
		<FileNum>3</FileNum>
		<Date>
			<Year>2004</Year>
			<Month>12</Month>
			<Day>28</Day>
		</Date>
		<Time>
			<Hour>01</Hour>
			<Min>53</Min>
			<Sec>13</Sec>
		</Time>
		<Creator>TrIDScan32 v1.56</Creator>
	</General>
	<FrontBlock>
		<Pattern>
			<Bytes>4358461A75</Bytes>
			<ASCII> C X F . u</ASCII>
			<Pos>0</Pos>
		</Pattern>
		<Pattern>
			<Bytes>00</Bytes>
			<Pos>8</Pos>
		</Pattern>
	</FrontBlock>
</TrID>
