<TrID ver="2.00">
	<Info>
		<FileType>Hyper archive (stored)</FileType>
		<Ext>HYP</Ext>
		<ExtraInfo>
			<Rem></Rem>
			<RefURL></RefURL>
		</ExtraInfo>
		<User>Marco Pontello</User>
		<E-Mail>marcopon@gmail.com</E-Mail>
		<Home>http://mark0.net</Home>
	</Info>
	<General>
		<FileNum>3</FileNum>
		<Date>
			<Year>2012</Year>
			<Month>5</Month>
			<Day>6</Day>
		</Date>
		<Time>
			<Hour>16</Hour>
			<Min>0</Min>
			<Sec>13</Sec>
		</Time>
		<Creator>TrIDScan/Py v1.80</Creator>
	</General>
	<FrontBlock>
		<Pattern>
			<Bytes>1A535425</Bytes>
			<ASCII> . S T %</ASCII>
			<Pos>0</Pos>
		</Pattern>
	</FrontBlock>
</TrID>