<TrID ver="2.00">
	<Info>
		<FileType>AUKTOOLS 2000 compressed archive</FileType>
		<Ext>CMP</Ext>
		<ExtraInfo>
			<Rem></Rem>
			<RefURL>http://auk2000.co.uk/upgrade/support_mac.htm</RefURL>
		</ExtraInfo>
		<User>David J Walker</User>
		<E-Mail></E-Mail>
		<Home>http://auk2000.co.uk/</Home>
	</Info>
	<General>
		<FileNum>3</FileNum>
		<Date>
			<Year>2004</Year>
			<Month>03</Month>
			<Day>11</Day>
		</Date>
		<Time>
			<Hour>09</Hour>
			<Min>43</Min>
			<Sec>29</Sec>
		</Time>
		<Creator>TrIDScan32 v1.55</Creator>
	</General>
	<FrontBlock>
		<Pattern>
			<Bytes>41554B323030302E434D50</Bytes>
			<ASCII> A U K 2 0 0 0 . C M P</ASCII>
			<Pos>0</Pos>
		</Pattern>
	</FrontBlock>
</TrID>
