<TrID ver="2.00">
	<Info>
		<FileType>bzip2 compressed archive</FileType>
		<Ext>BZ2/BZIP2</Ext>
		<Mime>application/x-bzip2</Mime>
		<ExtraInfo>
			<Rem></Rem>
			<RefURL>https://en.wikipedia.org/wiki/Bzip2</RefURL>
		</ExtraInfo>
		<User>Marco Pontello</User>
		<E-Mail>marcopon@gmail.com</E-Mail>
		<Home>http://mark0.net</Home>
	</Info>
	<General>
		<FileNum>12</FileNum>
		<Refine>5 by Marco Pontello - 2 by Joerg Jenderek</Refine>
		<Date>
			<Year>2015</Year>
			<Month>12</Month>
			<Day>19</Day>
		</Date>
		<Time>
			<Hour>16</Hour>
			<Min>38</Min>
			<Sec>44</Sec>
		</Time>
		<Creator>TrIDScan/Py v1.80</Creator>
	</General>
	<FrontBlock>
		<Pattern>
			<Bytes>425A68</Bytes>
			<ASCII> B Z h</ASCII>
			<Pos>0</Pos>
		</Pattern>
		<Pattern>
			<Bytes>314159265359</Bytes>
			<ASCII> 1 A Y . S Y</ASCII>
			<Pos>4</Pos>
		</Pattern>
	</FrontBlock>
</TrID>
