<TrID ver="2.00">
	<Info>
		<FileType>LArc compressed archive</FileType>
		<Ext>LZS</Ext>
		<Mime>application/x-lzh-compressed</Mime>
		<ExtraInfo>
			<Rem>MSDOS archiver from 1988 by K.Miki H.Okumura K.Masuyama.</Rem>
			<RefURL>https://en.wikipedia.org/wiki/LHA_(file_format)</RefURL>
		</ExtraInfo>
		<User>Marco Pontello</User>
		<E-Mail>marcopon@gmail.com</E-Mail>
		<Home>http://mark0.net</Home>
	</Info>
	<General>
		<FileNum>12</FileNum>
		<Refine>4 by Joerg Jenderek</Refine>
		<Date>
			<Year>2015</Year>
			<Month>12</Month>
			<Day>3</Day>
		</Date>
		<Time>
			<Hour>1</Hour>
			<Min>2</Min>
			<Sec>11</Sec>
		</Time>
		<Creator>TrIDScan/Py v2.01</Creator>
	</General>
	<FrontBlock>
		<Pattern>
			<Bytes>2D6C7A</Bytes>
			<ASCII> - l z</ASCII>
			<Pos>2</Pos>
		</Pattern>
		<Pattern>
			<Bytes>2D</Bytes>
			<ASCII> -</ASCII>
			<Pos>6</Pos>
		</Pattern>
	</FrontBlock>
</TrID>