<TrID ver="2.00">
	<Info>
		<FileType>BigFix File Archive</FileType>
		<Ext>BFA/TMP</Ext>
		<ExtraInfo>
			<Rem>Archives created by the BFArchive tool or the BigFix console. Extraction is natively supported by the BigFix client or the Fixlet Debugger. May also have a BFA file extension, but TMP is typical.</Rem>
			<RefURL>https://www.ibm.com/developerworks/community/wikis/home?lang=en#!/wiki/Tivoli%20Endpoint%20Manager/page/BFArchive%20Tool</RefURL>
		</ExtraInfo>
		<User>jgstew</User>
		<E-Mail>james@jgstew.com</E-Mail>
		<Home>http://bigfix.me/user/jgstew</Home>
	</Info>
	<General>
		<FileNum>145</FileNum>
		<CheckStrings>True</CheckStrings>
		<Date>
			<Year>2014</Year>
			<Month>07</Month>
			<Day>07</Day>
		</Date>
		<Time>
			<Hour>10</Hour>
			<Min>37</Min>
			<Sec>28</Sec>
		</Time>
		<Creator>TrIDScan32 v1.56</Creator>
	</General>
	<FrontBlock>
		<Pattern>
			<Bytes>2323534330303100</Bytes>
			<ASCII> # # S C 0 0 1</ASCII>
			<Pos>0</Pos>
		</Pattern>
		<Pattern>
			<Bytes>789C</Bytes>
			<ASCII> x</ASCII>
			<Pos>12</Pos>
		</Pattern>
	</FrontBlock>
	<GlobalStrings>
		<String>SC001</String>
	</GlobalStrings>
</TrID>
