<TrID ver="2.00">
	<Info>
		<FileType>Limit compressed archive</FileType>
		<Ext>LIM</Ext>
		<ExtraInfo>
			<Rem></Rem>
			<RefURL></RefURL>
		</ExtraInfo>
		<User>Marco Pontello</User>
		<E-Mail>marcopon@gmail.com</E-Mail>
		<Home>http://mark0.net</Home>
	</Info>
	<General>
		<FileNum>14</FileNum>
		<Refine>3 by Marco Pontello</Refine>
		<Date>
			<Year>2012</Year>
			<Month>5</Month>
			<Day>6</Day>
		</Date>
		<Time>
			<Hour>16</Hour>
			<Min>8</Min>
			<Sec>39</Sec>
		</Time>
		<Creator>TrIDScan/Py v1.80</Creator>
	</General>
	<FrontBlock>
		<Pattern>
			<Bytes>4C4D1A0800</Bytes>
			<ASCII> L M</ASCII>
			<Pos>0</Pos>
		</Pattern>
	</FrontBlock>
</TrID>