<TrID ver="1.18">
    <Info>
        <FileType>BZA compressed archive</FileType>
        <Ext>BZA</Ext>
        <ExtraInfo>
            <Rem></Rem>
            <RefURL></RefURL>
        </ExtraInfo>
        <User>Marco Pontello</User>
        <E-Mail>marcopon@gmail.com</E-Mail>
        <Home>http://mark0.net</Home>
    </Info>
    <General>
        <FileNum>3</FileNum>
        <Date>
            <Year>2003</Year>
            <Month>08</Month>
            <Day>17</Day>
        </Date>
        <Time>
            <Hour>18</Hour>
            <Min>27</Min>
            <Sec>34</Sec>
        </Time>
        <Creator>TrIDScan32 v1.23</Creator>
    </General>
    <FrontBlock>
        <Pattern>
            <Bytes>0000425A3200</Bytes>
            <ASCII> . . B Z 2</ASCII>
            <Pos>2</Pos>
        </Pattern>
    </FrontBlock>
</TrID>
