<TrID ver="2.00">
	<Info>
		<FileType>ACE compressed archive</FileType>
		<Ext>ACE</Ext>
		<ExtraInfo>
			<Rem></Rem>
			<RefURL>http://www.winace.com/</RefURL>
		</ExtraInfo>
		<User>Marco Pontello</User>
		<E-Mail>marcopon@gmail.com</E-Mail>
		<Home>http://mark0.net</Home>
	</Info>
	<General>
		<FileNum>14</FileNum>
		<CheckStrings>True</CheckStrings>
		<Date>
			<Year>2003</Year>
			<Month>11</Month>
			<Day>19</Day>
		</Date>
		<Time>
			<Hour>11</Hour>
			<Min>07</Min>
			<Sec>12</Sec>
		</Time>
		<Creator>TrIDScan32 v1.50</Creator>
	</General>
	<FrontBlock>
		<Pattern>
			<Bytes>0000</Bytes>
			<Pos>3</Pos>
		</Pattern>
		<Pattern>
			<Bytes>2A2A4143452A2A</Bytes>
			<ASCII> * * A C E * *</ASCII>
			<Pos>7</Pos>
		</Pattern>
	</FrontBlock>
	<GlobalStrings>
		<String>**ACE**</String>
	</GlobalStrings>
</TrID>
