<TrID ver="2.00">
	<Info>
		<FileType>Microsoft Update - Self Extracting Cabinet</FileType>
		<Ext>EXE</Ext>
		<ExtraInfo>
			<Rem></Rem>
			<RefURL></RefURL>
		</ExtraInfo>
		<User>Marco Pontello</User>
		<E-Mail>marcopon@gmail.com</E-Mail>
		<Home>http://mark0.net</Home>
	</Info>
	<General>
		<FileNum>6</FileNum>
		<Refine>1 by Marco Pontello - 1 by Marco Pontello</Refine>
		<CheckStrings>True</CheckStrings>
		<Date>
			<Year>2004</Year>
			<Month>09</Month>
			<Day>27</Day>
		</Date>
		<Time>
			<Hour>21</Hour>
			<Min>12</Min>
			<Sec>16</Sec>
		</Time>
		<Creator>TrIDScan32 v1.56</Creator>
	</General>
	<FrontBlock>
		<Pattern>
			<Bytes>4D5A</Bytes>
			<ASCII> M Z</ASCII>
			<Pos>0</Pos>
		</Pattern>
		<Pattern>
			<Bytes>00</Bytes>
			<Pos>3</Pos>
		</Pattern>
		<Pattern>
			<Bytes>00000004000000FFFF0000B800000000000000400000000000000000000000000000000000000000000000000000000000000000000000</Bytes>
			<ASCII> . . . . . . . . . . . . . . . . . . . @</ASCII>
			<Pos>5</Pos>
		</Pattern>
		<Pattern>
			<Bytes>000000</Bytes>
			<Pos>61</Pos>
		</Pattern>
		<Pattern>
			<Bytes>0000000000</Bytes>
			<Pos>122</Pos>
		</Pattern>
	</FrontBlock>
	<GlobalStrings>
		<String>VERISIGN TIME STAMPING SERVICE ROOT1402</String>
		<String>VERISIGN TRUST NETWORK1</String>
		<String>LOCALFILETIMETOFILETIME</String>
		<String>+NO LIABILITY ACCEPTED</String>
		<String>MICROSOFT CORPORATION1</String>
		<String>DOSDATETIMETOFILETIME</String>
		<String>SENDDLGITEMMESSAGEA</String>
		<String>ETCURRENTDIRECTORYA</String>
		<String>GETMODULEFILENAMEA</String>
		<String>COPYRIGHT (C) 199</String>
		<String>M'I'C'R'O'S'O'F'T</String>
		<String>CREATEDIRECTORYA</String>
		<String>WWW.VERISIGN.COM</String>
		<String>O'B'S'O'L'E'T'E</String>
		<String>GETCOMMANDLINEA</String>
		<String>040107235959Z0</String>
		<String>(C)97 VERISIGN</String>
		<String>040106235959Z0</String>
		<String>.MICROSOFT.COM</String>
		<String>C'A'B'I'N'E'T</String>
		<String>KERNEL32.DLL</String>
		<String>SENDMESSAGEA</String>
		<String>WASHINGTON1</String>
		<String>SETFILETIME</String>
		<String>MESSAGEBOXA</String>
		<String>USER32.DLL</String>
		<String>SHOWWINDOW</String>
		<String>DIALOGBOX</String>
		<String>AUTHORITY</String>
		<String>ENDDIALOG</String>
		<String>GETSYSTEM</String>
		<String>REDMOND1</String>
		<String>000000Z</String>
		<String>SPRINTF</String>
		<String>STRINGA</String>
		<String>GETLAST</String>
		<String>I32.DLL</String>
		<String>TERROR</String>
		<String>GETPRO</String>
		<String>TFILEA</String>
		<String>PARAMA</String>
		<String>WWWWWW</String>
		<String>DELETE</String>
		<String>01022</String>
		<String>INC.0</String>
		<String>.RSRC</String>
		<String>.DATA</String>
		<String>.TEXT</String>
		<String>CLOSE</String>
		<String>INC.1</String>
		<String>HTTPS</String>
		<String>TEXTA</String>
		<String>ALLOC</String>
		<String>WRITE</String>
		<String>PE''L</String>
		<String>GETD</String>
		<String>FREE</String>
		<String>STAT</String>
		<String>OPEN</String>
		<String>SVWJ</String>
		<String>ODE.</String>
		<String>READ</String>
		<String>GETT</String>
		<String>RPA0</String>
		<String>TEMP</String>
		<String>TERM</String>
		<String>SETE</String>
		<String>LOAD</String>
	</GlobalStrings>
</TrID>
