<TrID ver="2.00">
	<Info>
		<FileType>LHARC/LZARK compressed archive (generic)</FileType>
		<Ext>LZH/LHA</Ext>
		<Mime>application/x-lzh-compressed</Mime>
		<ExtraInfo>
			<Rem></Rem>
			<RefURL>https://en.wikipedia.org/wiki/LHA_(file_format)</RefURL>
		</ExtraInfo>
		<User>Marco Pontello</User>
		<E-Mail>marcopon@gmail.com</E-Mail>
		<Home>http://mark0.net</Home>
	</Info>
	<General>
		<FileNum>32</FileNum>
		<Refine>4 by Joerg Jenderek</Refine>
		<Date>
			<Year>2015</Year>
			<Month>12</Month>
			<Day>3</Day>
		</Date>
		<Time>
			<Hour>0</Hour>
			<Min>57</Min>
			<Sec>22</Sec>
		</Time>
		<Creator>TrIDScan/Py v2.01</Creator>
	</General>
	<FrontBlock>
		<Pattern>
			<Bytes>2D6C68</Bytes>
			<ASCII> - l h</ASCII>
			<Pos>2</Pos>
		</Pattern>
		<Pattern>
			<Bytes>2D</Bytes>
			<ASCII> -</ASCII>
			<Pos>6</Pos>
		</Pattern>
	</FrontBlock>
</TrID>