<TrID ver="2.00">
	<Info>
		<FileType>CPIO archive (portable)</FileType>
		<Ext>CPIO</Ext>
		<Mime>application/octet-stream</Mime>
		<ExtraInfo>
			<Rem></Rem>
			<RefURL>http://www.gnu.org/software/cpio/cpio.html</RefURL>
		</ExtraInfo>
		<User>Marco Pontello</User>
		<E-Mail>marcopon@gmail.com</E-Mail>
		<Home>http://mark0.net</Home>
	</Info>
	<General>
		<FileNum>5</FileNum>
		<Refine>3 by Marco Pontello</Refine>
		<Date>
			<Year>2015</Year>
			<Month>8</Month>
			<Day>26</Day>
		</Date>
		<Time>
			<Hour>14</Hour>
			<Min>38</Min>
			<Sec>26</Sec>
		</Time>
		<Creator>TrIDScan/Py v2.01</Creator>
	</General>
	<FrontBlock>
		<Pattern>
			<Bytes>3037303730</Bytes>
			<ASCII> 0 7 0 7 0</ASCII>
			<Pos>0</Pos>
		</Pattern>
	</FrontBlock>
</TrID>