<TrID ver="2.00">
	<Info>
		<FileType>HPACK compressed archive</FileType>
		<Ext>HPK</Ext>
		<Mime>application/octet-stream</Mime>
		<ExtraInfo>
			<Rem>Multiplatform compressor by Peter Gutmann.</Rem>
			<RefURL></RefURL>
		</ExtraInfo>
		<User>Marco Pontello</User>
		<E-Mail>marcopon@gmail.com</E-Mail>
		<Home>http://mark0.net</Home>
	</Info>
	<General>
		<FileNum>13</FileNum>
		<Date>
			<Year>2017</Year>
			<Month>1</Month>
			<Day>14</Day>
		</Date>
		<Time>
			<Hour>22</Hour>
			<Min>40</Min>
			<Sec>34</Sec>
		</Time>
		<Creator>TrIDScan/Py v2.02</Creator>
	</General>
	<FrontBlock>
		<Pattern>
			<Bytes>4850414B</Bytes>
			<ASCII> H P A K</ASCII>
			<Pos>0</Pos>
		</Pattern>
	</FrontBlock>
</TrID>