<TrID ver="2.00">
	<Info>
		<FileType>Microsoft Cabinet Archive</FileType>
		<Ext>CAB</Ext>
		<ExtraInfo>
			<Rem></Rem>
			<RefURL></RefURL>
		</ExtraInfo>
		<User>Marco Pontello</User>
		<E-Mail>marcopon@gmail.com</E-Mail>
		<Home></Home>
	</Info>
	<General>
		<FileNum>17</FileNum>
		<Refine>4 by Marco Pontello</Refine>
		<Date>
			<Year>2008</Year>
			<Month>02</Month>
			<Day>27</Day>
		</Date>
		<Time>
			<Hour>13</Hour>
			<Min>30</Min>
			<Sec>07</Sec>
		</Time>
		<Creator>TrIDScan32 v1.56</Creator>
	</General>
	<FrontBlock>
		<Pattern>
			<Bytes>4D53434600000000</Bytes>
			<ASCII> M S C F</ASCII>
			<Pos>0</Pos>
		</Pattern>
	</FrontBlock>
</TrID>
