<TrID ver="2.00">
	<Info>
		<FileType>CPIO archive (byte swapped binary)</FileType>
		<Ext>CPIO</Ext>
		<Mime>application/octet-stream</Mime>
		<ExtraInfo>
			<Rem></Rem>
			<RefURL>http://www.gnu.org/software/cpio/cpio.html</RefURL>
		</ExtraInfo>
		<User>Marco Pontello</User>
		<E-Mail>marcopon@gmail.com</E-Mail>
		<Home>http://mark0.net</Home>
	</Info>
	<General>
		<FileNum>6</FileNum>
		<Date>
			<Year>2016</Year>
			<Month>5</Month>
			<Day>31</Day>
		</Date>
		<Time>
			<Hour>3</Hour>
			<Min>49</Min>
			<Sec>30</Sec>
		</Time>
		<Creator>TrIDScan/Py v2.02</Creator>
	</General>
	<FrontBlock>
		<Pattern>
			<Bytes>71C7</Bytes>
			<ASCII> q</ASCII>
			<Pos>0</Pos>
		</Pattern>
	</FrontBlock>
</TrID>