<TrID ver="2.00">
	<Info>
		<FileType>ARJ compressed archive</FileType>
		<Ext>ARJ</Ext>
		<ExtraInfo>
			<Rem></Rem>
			<RefURL></RefURL>
		</ExtraInfo>
		<User>Marco Pontello</User>
		<E-Mail>marcopon@gmail.com</E-Mail>
		<Home>http://mark0.net</Home>
	</Info>
	<General>
		<FileNum>45</FileNum>
		<Refine>6 by Marco Pontello</Refine>
		<Date>
			<Year>2006</Year>
			<Month>06</Month>
			<Day>13</Day>
		</Date>
		<Time>
			<Hour>02</Hour>
			<Min>14</Min>
			<Sec>13</Sec>
		</Time>
		<Creator>TrIDScan32 v1.56</Creator>
	</General>
	<FrontBlock>
		<Pattern>
			<Bytes>60EA</Bytes>
			<ASCII> `</ASCII>
			<Pos>0</Pos>
		</Pattern>
	</FrontBlock>
</TrID>
