<TrID ver="2.00">
	<Info>
		<FileType>The Witcher 2 game data archive</FileType>
		<Ext>DZIP</Ext>
		<Mime>application/octet-stream</Mime>
		<ExtraInfo>
			<Rem></Rem>
			<RefURL>https://en.wikipedia.org/wiki/The_Witcher_2:_Assassins_of_Kings</RefURL>
		</ExtraInfo>
		<User>Marco Pontello</User>
		<E-Mail>marcopon@gmail.com</E-Mail>
		<Home>http://mark0.net</Home>
	</Info>
	<General>
		<FileNum>2</FileNum>
		<Date>
			<Year>2015</Year>
			<Month>8</Month>
			<Day>26</Day>
		</Date>
		<Time>
			<Hour>15</Hour>
			<Min>57</Min>
			<Sec>36</Sec>
		</Time>
		<Creator>TrIDScan/Py v2.01</Creator>
	</General>
	<FrontBlock>
		<Pattern>
			<Bytes>445A4950</Bytes>
			<ASCII> D Z I P</ASCII>
			<Pos>0</Pos>
		</Pattern>
	</FrontBlock>
</TrID>