<TrID ver="2.00">
	<Info>
		<FileType>ARHANGEL compressed archive</FileType>
		<Ext>LG</Ext>
		<Mime>application/octet-stream</Mime>
		<ExtraInfo>
			<Rem>ARchive HANdler by GEorge Lyapko, DOS compressor.</Rem>
			<RefURL></RefURL>
		</ExtraInfo>
		<User>Marco Pontello</User>
		<E-Mail>marcopon@gmail.com</E-Mail>
		<Home>http://mark0.net</Home>
	</Info>
	<General>
		<FileNum>4</FileNum>
		<Date>
			<Year>2017</Year>
			<Month>1</Month>
			<Day>14</Day>
		</Date>
		<Time>
			<Hour>19</Hour>
			<Min>49</Min>
			<Sec>35</Sec>
		</Time>
		<Creator>TrIDScan/Py v2.02</Creator>
	</General>
	<FrontBlock>
		<Pattern>
			<Bytes>4C47</Bytes>
			<ASCII> L G</ASCII>
			<Pos>0</Pos>
		</Pattern>
	</FrontBlock>
</TrID>