<TrID ver="2.00">
	<Info>
		<FileType>EPF game data archive</FileType>
		<Ext>EPF</Ext>
		<Mime>application/octet-stream</Mime>
		<ExtraInfo>
			<Rem>Used in games by East Point Software.</Rem>
			<RefURL>http://www.shikadi.net/moddingwiki/EPF_Format</RefURL>
		</ExtraInfo>
		<User>Marco Pontello</User>
		<E-Mail>marcopon@gmail.com</E-Mail>
		<Home>http://mark0.net</Home>
	</Info>
	<General>
		<FileNum>2</FileNum>
		<Date>
			<Year>2016</Year>
			<Month>10</Month>
			<Day>14</Day>
		</Date>
		<Time>
			<Hour>17</Hour>
			<Min>52</Min>
			<Sec>26</Sec>
		</Time>
		<Creator>TrIDScan/Py v2.02</Creator>
	</General>
	<FrontBlock>
		<Pattern>
			<Bytes>45504653</Bytes>
			<ASCII> E P F S</ASCII>
			<Pos>0</Pos>
		</Pattern>
	</FrontBlock>
</TrID>