<TrID ver="2.00">
	<Info>
		<FileType>GNUboy savestate</FileType>
		<Ext>000</Ext>
		<Mime>application/octet-stream</Mime>
		<ExtraInfo>
			<Rem></Rem>
			<RefURL>https://en.wikipedia.org/wiki/List_of_video_game_emulators#cite_ref-27</RefURL>
		</ExtraInfo>
		<User>Marco Pontello</User>
		<E-Mail>marcopon@gmail.com</E-Mail>
		<Home>http://mark0.net</Home>
	</Info>
	<General>
		<FileNum>10</FileNum>
		<Date>
			<Year>2016</Year>
			<Month>10</Month>
			<Day>7</Day>
		</Date>
		<Time>
			<Hour>15</Hour>
			<Min>4</Min>
			<Sec>1</Sec>
		</Time>
		<Creator>TrIDScan/Py v2.02</Creator>
	</General>
	<FrontBlock>
		<Pattern>
			<Bytes>47625373</Bytes>
			<ASCII> G b S s</ASCII>
			<Pos>0</Pos>
		</Pattern>
		<Pattern>
			<Bytes>50432020</Bytes>
			<ASCII> P C</ASCII>
			<Pos>8</Pos>
		</Pattern>
	</FrontBlock>
</TrID>