<TrID ver="2.00">
	<Info>
		<FileType>GeoWorks GeoCalc spreadsheet</FileType>
		<Ext>000</Ext>
		<Mime>application/octet-stream</Mime>
		<ExtraInfo>
			<Rem></Rem>
			<RefURL>https://en.wikipedia.org/wiki/GEOS_(16-bit_operating_system)#PC.2FGEOS</RefURL>
		</ExtraInfo>
		<User>Marco Pontello</User>
		<E-Mail>marcopon@gmail.com</E-Mail>
		<Home>http://mark0.net</Home>
	</Info>
	<General>
		<FileNum>7</FileNum>
		<Date>
			<Year>2016</Year>
			<Month>10</Month>
			<Day>23</Day>
		</Date>
		<Time>
			<Hour>18</Hour>
			<Min>29</Min>
			<Sec>45</Sec>
		</Time>
		<Creator>TrIDScan/Py v2.02</Creator>
	</General>
	<FrontBlock>
		<Pattern>
			<Bytes>C745C153</Bytes>
			<ASCII> . E . S</ASCII>
			<Pos>0</Pos>
		</Pattern>
		<Pattern>
			<Bytes>4743446100004743414C</Bytes>
			<ASCII> G C D a . . G C A L</ASCII>
			<Pos>56</Pos>
		</Pattern>
	</FrontBlock>
</TrID>