<TrID ver="2.00">
	<Info>
		<FileType>CP Backup saved data (v7.x)</FileType>
		<Ext>001</Ext>
		<Mime>application/octet-stream</Mime>
		<ExtraInfo>
			<Rem>First of a sequence of files with the actual backup data.</Rem>
			<RefURL>https://en.wikipedia.org/wiki/Central_Point_Software</RefURL>
		</ExtraInfo>
		<User>Marco Pontello</User>
		<E-Mail>marcopon@gmail.com</E-Mail>
		<Home>http://mark0.net</Home>
	</Info>
	<General>
		<FileNum>7</FileNum>
		<Date>
			<Year>2017</Year>
			<Month>1</Month>
			<Day>18</Day>
		</Date>
		<Time>
			<Hour>20</Hour>
			<Min>54</Min>
			<Sec>46</Sec>
		</Time>
		<Creator>TrIDScan/Py v2.02</Creator>
	</General>
	<FrontBlock>
		<Pattern>
			<Bytes>01534350</Bytes>
			<ASCII> . S C P</ASCII>
			<Pos>0</Pos>
		</Pattern>
	</FrontBlock>
</TrID>