<TrID ver="2.00">
	<Info>
		<FileType>Lotus 123 Worksheet (V98)</FileType>
		<Ext>123</Ext>
		<Mime>application/vnd.lotus-1-2-3</Mime>
		<ExtraInfo>
			<Rem>123 is used for 97 Edition and Millennium Edition 9.8. revision number 1005h and sub code 0004h is stored at offset 4</Rem>
			<RefURL>http://www.aboutvb.de/bas/formate/pdf/wk3.pdf</RefURL>
		</ExtraInfo>
		<User>Joerg Jenderek</User>
		<E-Mail>joerg.jen.der.ek@gmx.net</E-Mail>
	</Info>
	<General>
		<FileNum>1</FileNum>
		<Date>
			<Year>1999</Year>
			<Month>5</Month>
			<Day>14</Day>
		</Date>
		<Time>
			<Hour>09</Hour>
			<Min>08</Min>
			<Sec>00</Sec>
		</Time>
		<Creator>TrIDScan/Py v2.01</Creator>
	</General>
	<FrontBlock>
		<Pattern>
			<Bytes>00001A0005100400</Bytes>
			<Pos>0</Pos>
		</Pattern>
	</FrontBlock>
</TrID>
