<TrID ver="2.00">
	<Info>
		<FileType>010 Editor Template List</FileType>
		<Ext>1TL</Ext>
		<Mime>application/octet-stream</Mime>
		<ExtraInfo>
			<Rem></Rem>
			<RefURL>http://www.sweetscape.com/010editor/</RefURL>
		</ExtraInfo>
		<User>Marco Pontello</User>
		<E-Mail>marcopon@gmail.com</E-Mail>
		<Home>http://mark0.net</Home>
	</Info>
	<General>
		<FileNum>3</FileNum>
		<Date>
			<Year>2016</Year>
			<Month>2</Month>
			<Day>14</Day>
		</Date>
		<Time>
			<Hour>15</Hour>
			<Min>55</Min>
			<Sec>57</Sec>
		</Time>
		<Creator>TrIDScan/Py v2.02</Creator>
	</General>
	<FrontBlock>
		<Pattern>
			<Bytes>2531544C3D</Bytes>
			<ASCII> % 1 T L =</ASCII>
			<Pos>0</Pos>
		</Pattern>
	</FrontBlock>
</TrID>