<TrID ver="2.00">
	<Info>
		<FileType>2BIT DNA sequences (LE)</FileType>
		<Ext>2BIT</Ext>
		<Mime>application/octet-stream</Mime>
		<ExtraInfo>
			<Rem></Rem>
			<RefURL>http://genome.ucsc.edu/FAQ/FAQformat.html#format7</RefURL>
		</ExtraInfo>
		<User>Marco Pontello</User>
		<E-Mail>marcopon@gmail.com</E-Mail>
		<Home>http://mark0.net</Home>
	</Info>
	<General>
		<FileNum>4</FileNum>
		<Date>
			<Year>2015</Year>
			<Month>12</Month>
			<Day>26</Day>
		</Date>
		<Time>
			<Hour>14</Hour>
			<Min>14</Min>
			<Sec>58</Sec>
		</Time>
		<Creator>TrIDScan/Py v2.02</Creator>
	</General>
	<FrontBlock>
		<Pattern>
			<Bytes>4327411A</Bytes>
			<ASCII> C ' A</ASCII>
			<Pos>0</Pos>
		</Pattern>
	</FrontBlock>
</TrID>