<TrID ver="2.00">
	<Info>
		<FileType>VersaCAD 2D drawing (MS-DOS)</FileType>
		<Ext>2D</Ext>
		<Mime>application/octet-stream</Mime>
		<ExtraInfo>
			<Rem></Rem>
			<RefURL>https://www.versacad.com/</RefURL>
		</ExtraInfo>
		<User>Marco Pontello</User>
		<E-Mail>marcopon@gmail.com</E-Mail>
		<Home>http://mark0.net</Home>
	</Info>
	<General>
		<FileNum>14</FileNum>
		<Date>
			<Year>2017</Year>
			<Month>3</Month>
			<Day>4</Day>
		</Date>
		<Time>
			<Hour>14</Hour>
			<Min>0</Min>
			<Sec>5</Sec>
		</Time>
		<Creator>TrIDScan/Py v2.02</Creator>
	</General>
	<FrontBlock>
		<Pattern>
			<Bytes>0008</Bytes>
			<Pos>0</Pos>
		</Pattern>
		<Pattern>
			<Bytes>00</Bytes>
			<Pos>3</Pos>
		</Pattern>
		<Pattern>
			<Bytes>00</Bytes>
			<Pos>5</Pos>
		</Pattern>
		<Pattern>
			<Bytes>00</Bytes>
			<Pos>9</Pos>
		</Pattern>
		<Pattern>
			<Bytes>00</Bytes>
			<Pos>13</Pos>
		</Pattern>
		<Pattern>
			<Bytes>40</Bytes>
			<ASCII> @</ASCII>
			<Pos>145</Pos>
		</Pattern>
		<Pattern>
			<Bytes>40</Bytes>
			<ASCII> @</ASCII>
			<Pos>161</Pos>
		</Pattern>
		<Pattern>
			<Bytes>40</Bytes>
			<ASCII> @</ASCII>
			<Pos>177</Pos>
		</Pattern>
		<Pattern>
			<Bytes>40</Bytes>
			<ASCII> @</ASCII>
			<Pos>193</Pos>
		</Pattern>
	</FrontBlock>
</TrID>