<TrID ver="2.00">
	<Info>
		<FileType>Cadwork 2D Catalog</FileType>
		<Ext>2DC</Ext>
		<Mime>application/octet-stream</Mime>
		<ExtraInfo>
			<Rem></Rem>
			<RefURL>https://en.wikipedia.org/wiki/Cadwork</RefURL>
		</ExtraInfo>
		<User>Marco Pontello</User>
		<E-Mail>marcopon@gmail.com</E-Mail>
		<Home>http://mark0.net</Home>
	</Info>
	<General>
		<FileNum>10</FileNum>
		<Date>
			<Year>2016</Year>
			<Month>7</Month>
			<Day>11</Day>
		</Date>
		<Time>
			<Hour>14</Hour>
			<Min>23</Min>
			<Sec>26</Sec>
		</Time>
		<Creator>TrIDScan/Py v2.02</Creator>
	</General>
	<FrontBlock>
		<Pattern>
			<Bytes>000000040000</Bytes>
			<Pos>0</Pos>
		</Pattern>
		<Pattern>
			<Bytes>000000040000</Bytes>
			<Pos>8</Pos>
		</Pattern>
	</FrontBlock>
</TrID>