<TrID ver="2.00">
	<Info>
		<FileType>VersaCAD 2D Library (MS-DOS)</FileType>
		<Ext>2DL</Ext>
		<Mime>application/octet-stream</Mime>
		<ExtraInfo>
			<Rem></Rem>
			<RefURL>https://www.versacad.com/</RefURL>
		</ExtraInfo>
		<User>Marco Pontello</User>
		<E-Mail>marcopon@gmail.com</E-Mail>
		<Home>http://mark0.net</Home>
	</Info>
	<General>
		<FileNum>4</FileNum>
		<CheckStrings>True</CheckStrings>
		<Date>
			<Year>2017</Year>
			<Month>3</Month>
			<Day>4</Day>
		</Date>
		<Time>
			<Hour>14</Hour>
			<Min>1</Min>
			<Sec>37</Sec>
		</Time>
		<Creator>TrIDScan/Py v2.02</Creator>
	</General>
	<FrontBlock>
		<Pattern>
			<Bytes>000834</Bytes>
			<ASCII> . . 4</ASCII>
			<Pos>0</Pos>
		</Pattern>
	</FrontBlock>
	<GlobalStrings>
		<String>WINDOW</String>
		<String>NOTES</String>
	</GlobalStrings>
</TrID>