<TrID ver="2.00">
	<Info>
		<FileType>2SF Nintendo DS Sound Format rip</FileType>
		<Ext>2SFLIB</Ext>
		<Mime>application/octet-stream</Mime>
		<ExtraInfo>
			<Rem>Contains ripped code + audio data.</Rem>
			<RefURL>http://fileformats.archiveteam.org/wiki/2SF</RefURL>
		</ExtraInfo>
		<User>Marco Pontello</User>
		<E-Mail>marcopon@gmail.com</E-Mail>
		<Home>http://mark0.net</Home>
	</Info>
	<General>
		<FileNum>22</FileNum>
		<Refine>13 by Marco Pontello</Refine>
		<Date>
			<Year>2015</Year>
			<Month>4</Month>
			<Day>8</Day>
		</Date>
		<Time>
			<Hour>0</Hour>
			<Min>35</Min>
			<Sec>48</Sec>
		</Time>
		<Creator>TrIDScan/Py v2.01</Creator>
	</General>
	<FrontBlock>
		<Pattern>
			<Bytes>5053462400000000</Bytes>
			<ASCII> P S F $</ASCII>
			<Pos>0</Pos>
		</Pattern>
		<Pattern>
			<Bytes>00</Bytes>
			<Pos>11</Pos>
		</Pattern>
		<Pattern>
			<Bytes>78DAEC</Bytes>
			<ASCII> x</ASCII>
			<Pos>16</Pos>
		</Pattern>
		<Pattern>
			<Bytes>7814</Bytes>
			<ASCII> x</ASCII>
			<Pos>21</Pos>
		</Pattern>
		<Pattern>
			<Bytes>D6</Bytes>
			<Pos>24</Pos>
		</Pattern>
	</FrontBlock>
</TrID>