<TrID ver="2.00">
	<Info>
		<FileType>CAD-3D object</FileType>
		<Ext>3D</Ext>
		<Mime>application/octet-stream</Mime>
		<ExtraInfo>
			<Rem>Atari ST format.</Rem>
			<RefURL>http://fileformats.archiveteam.org/wiki/CAD-3D</RefURL>
		</ExtraInfo>
		<User>Marco Pontello</User>
		<E-Mail>marcopon@gmail.com</E-Mail>
		<Home>http://mark0.net</Home>
	</Info>
	<General>
		<FileNum>14</FileNum>
		<Date>
			<Year>2016</Year>
			<Month>2</Month>
			<Day>25</Day>
		</Date>
		<Time>
			<Hour>18</Hour>
			<Min>9</Min>
			<Sec>3</Sec>
		</Time>
		<Creator>TrIDScan/Py v2.02</Creator>
	</General>
	<FrontBlock>
		<Pattern>
			<Bytes>3D3D00</Bytes>
			<ASCII> = =</ASCII>
			<Pos>0</Pos>
		</Pattern>
	</FrontBlock>
</TrID>