<TrID ver="2.00">
	<Info>
		<FileType>VersaCAD 3D drawing (MS-DOS)</FileType>
		<Ext>3D</Ext>
		<Mime>application/octet-stream</Mime>
		<ExtraInfo>
			<Rem></Rem>
			<RefURL>https://www.versacad.com/</RefURL>
		</ExtraInfo>
		<User>Marco Pontello</User>
		<E-Mail>marcopon@gmail.com</E-Mail>
		<Home>http://mark0.net</Home>
	</Info>
	<General>
		<FileNum>8</FileNum>
		<Date>
			<Year>2017</Year>
			<Month>3</Month>
			<Day>4</Day>
		</Date>
		<Time>
			<Hour>13</Hour>
			<Min>54</Min>
			<Sec>36</Sec>
		</Time>
		<Creator>TrIDScan/Py v2.02</Creator>
	</General>
	<FrontBlock>
		<Pattern>
			<Bytes>0100320028000000</Bytes>
			<ASCII> . . 2 . (</ASCII>
			<Pos>0</Pos>
		</Pattern>
	</FrontBlock>
</TrID>