<TrID ver="2.00">
	<Info>
		<FileType>Cyber Studio CAD-3D v2 object</FileType>
		<Ext>3D2</Ext>
		<Mime>application/octet-stream</Mime>
		<ExtraInfo>
			<Rem>Atari ST format.</Rem>
			<RefURL>https://en.wikipedia.org/wiki/Cyber_Studio</RefURL>
		</ExtraInfo>
		<User>Marco Pontello</User>
		<E-Mail>marcopon@gmail.com</E-Mail>
		<Home>http://mark0.net</Home>
	</Info>
	<General>
		<FileNum>13</FileNum>
		<Refine>10 by Marco Pontello</Refine>
		<Date>
			<Year>2016</Year>
			<Month>2</Month>
			<Day>25</Day>
		</Date>
		<Time>
			<Hour>18</Hour>
			<Min>15</Min>
			<Sec>0</Sec>
		</Time>
		<Creator>TrIDScan/Py v2.02</Creator>
	</General>
	<FrontBlock>
		<Pattern>
			<Bytes>3D0200</Bytes>
			<ASCII> =</ASCII>
			<Pos>0</Pos>
		</Pattern>
	</FrontBlock>
</TrID>