<TrID ver="2.00">
	<Info>
		<FileType>3DMark database</FileType>
		<Ext>3DB</Ext>
		<ExtraInfo>
			<Rem>3DMark is a benchmark software for PC 3D Video Cards</Rem>
			<RefURL>http://www.3dmark.com/</RefURL>
		</ExtraInfo>
		<User>Marco Pontello</User>
		<E-Mail>marcopon@gmail.com</E-Mail>
		<Home>http://mark0.net</Home>
	</Info>
	<General>
		<FileNum>4</FileNum>
		<Date>
			<Year>2005</Year>
			<Month>05</Month>
			<Day>29</Day>
		</Date>
		<Time>
			<Hour>13</Hour>
			<Min>02</Min>
			<Sec>05</Sec>
		</Time>
		<Creator>TrIDScan32 v1.56</Creator>
	</General>
	<FrontBlock>
		<Pattern>
			<Bytes>33444D61726B2044617461626173652046696C65</Bytes>
			<ASCII> 3 D M a r k   D a t a b a s e   F i l e</ASCII>
			<Pos>0</Pos>
		</Pattern>
	</FrontBlock>
</TrID>
