<TrID ver="2.00">
	<Info>
		<FileType>Generic 3D Drafting drawing</FileType>
		<Ext>3DD</Ext>
		<Mime>application/octet-stream</Mime>
		<ExtraInfo>
			<Rem></Rem>
			<RefURL></RefURL>
		</ExtraInfo>
		<User>Marco Pontello</User>
		<E-Mail>marcopon@gmail.com</E-Mail>
		<Home>http://mark0.net</Home>
	</Info>
	<General>
		<FileNum>3</FileNum>
		<Date>
			<Year>2017</Year>
			<Month>1</Month>
			<Day>18</Day>
		</Date>
		<Time>
			<Hour>15</Hour>
			<Min>3</Min>
			<Sec>11</Sec>
		</Time>
		<Creator>TrIDScan/Py v2.02</Creator>
	</General>
	<FrontBlock>
		<Pattern>
			<Bytes>53000120334420504C414E20</Bytes>
			<ASCII> S . .   3 D   P L A N</ASCII>
			<Pos>0</Pos>
		</Pattern>
	</FrontBlock>
</TrID>