<TrID ver="2.00">
	<Info>
		<FileType>Cadent 3D Model</FileType>
		<Ext>3DM</Ext>
		<ExtraInfo>
			<Rem></Rem>
			<RefURL>http://www.cadent.co.il/index.html</RefURL>
		</ExtraInfo>
		<User>Marco Pontello</User>
		<E-Mail>marcopon@gmail.com</E-Mail>
		<Home>http://mark0.net</Home>	</Info>
	<General>
		<FileNum>5</FileNum>
		<Date>
			<Year>2006</Year>
			<Month>10</Month>
			<Day>11</Day>
		</Date>
		<Time>
			<Hour>10</Hour>
			<Min>06</Min>
			<Sec>11</Sec>
		</Time>
		<Creator>TrIDScan32 v1.56</Creator>
	</General>
	<FrontBlock>
		<Pattern>
			<Bytes>436164656E74203344204D6F64656C2056</Bytes>
			<ASCII> C a d e n t   3 D   M o d e l	V</ASCII>
			<Pos>0</Pos>
		</Pattern>
	</FrontBlock>
</TrID>
