<TrID ver="2.00">
	<Info>
		<FileType>QuickDraw 3D Metafile (binary)</FileType>
		<Ext>3DMF</Ext>
		<Mime>x-world/x-3dmf</Mime>
		<ExtraInfo>
			<Rem></Rem>
			<RefURL>http://fileformats.archiveteam.org/wiki/3DMF</RefURL>
		</ExtraInfo>
		<User>Marco Pontello</User>
		<E-Mail>marcopon@gmail.com</E-Mail>
		<Home>http://mark0.net</Home>
	</Info>
	<General>
		<FileNum>19</FileNum>
		<CheckStrings>True</CheckStrings>
		<Date>
			<Year>2015</Year>
			<Month>10</Month>
			<Day>2</Day>
		</Date>
		<Time>
			<Hour>17</Hour>
			<Min>25</Min>
			<Sec>17</Sec>
		</Time>
		<Creator>TrIDScan/Py v2.01</Creator>
	</General>
	<FrontBlock>
		<Pattern>
			<Bytes>33444D4600000010000100</Bytes>
			<ASCII> 3 D M F</ASCII>
			<Pos>0</Pos>
		</Pattern>
	</FrontBlock>
	<GlobalStrings>
		<String>ATTR''''KDIF</String>
		<String>3DMF</String>
		<String>CNTR</String>
		<String>TMSH</String>
	</GlobalStrings>
</TrID>