<TrID ver="2.00">
	<Info>
		<FileType>QuickDraw 3D Metafile (text)</FileType>
		<Ext>3DMF</Ext>
		<Mime>x-world/x-3dmf</Mime>
		<ExtraInfo>
			<Rem></Rem>
			<RefURL>http://www.apple.com/downloads/macosx/imaging_3d/3dmfviewer.html</RefURL>
		</ExtraInfo>
		<User>Marco Pontello</User>
		<E-Mail>marcopon@gmail.com</E-Mail>
		<Home>http://mark0.net</Home>
	</Info>
	<General>
		<FileNum>30</FileNum>
		<Refine>1 by Marco Pontello</Refine>
		<Date>
			<Year>2015</Year>
			<Month>10</Month>
			<Day>2</Day>
		</Date>
		<Time>
			<Hour>17</Hour>
			<Min>23</Min>
			<Sec>11</Sec>
		</Time>
		<Creator>TrIDScan/Py v2.01</Creator>
	</General>
	<FrontBlock>
		<Pattern>
			<Bytes>33444D65746166696C65202820</Bytes>
			<ASCII> 3 D M e t a f i l e   (</ASCII>
			<Pos>0</Pos>
		</Pattern>
	</FrontBlock>
</TrID>