<TrID ver="2.00">
	<Info>
		<FileType>3Digi Parameters</FileType>
		<Ext>3DP</Ext>
		<Mime>text/plain</Mime>
		<ExtraInfo>
			<Rem></Rem>
			<RefURL>http://3digi.wikidot.com/</RefURL>
		</ExtraInfo>
		<User>Marco Pontello</User>
		<E-Mail>marcopon@gmail.com</E-Mail>
		<Home>http://mark0.net</Home>
	</Info>
	<General>
		<FileNum>6</FileNum>
		<CheckStrings>True</CheckStrings>
		<Date>
			<Year>2016</Year>
			<Month>9</Month>
			<Day>26</Day>
		</Date>
		<Time>
			<Hour>1</Hour>
			<Min>52</Min>
			<Sec>46</Sec>
		</Time>
		<Creator>TrIDScan/Py v2.02</Creator>
	</General>
	<FrontBlock>
		<Pattern>
			<Bytes>5B506172536574305D</Bytes>
			<ASCII> [ P a r S e t 0 ]</ASCII>
			<Pos>0</Pos>
		</Pattern>
	</FrontBlock>
	<GlobalStrings>
		<String>SPISENSORNOISEFILTERSETTING(0)</String>
		<String>PIDHECKDREHMOAUSGLEICHPITCH</String>
		<String>PIDHECKDREHMOAUSGLEICHNICK</String>
		<String>PIDHECKDREHMOAUSGLEICHROLL</String>
		<String>PIDROLLDREHMOAUSGLEICHHECK</String>
		<String>RCINNOISEFILTERSETTING(0)</String>
		<String>PIDHECKDIRECTCOUPLING</String>
		<String>PIDNICKDIRECTCOUPLING</String>
		<String>PIDNICKIDECAYCURVE(0)</String>
		<String>PIDROLLDIRECTCOUPLING</String>
		<String>PIDROLLIDECAYCURVE(0)</String>
		<String>SWASHCYCLICRINGENABLE</String>
		<String>SWASHCYCLICRINGFACTOR</String>
		<String>PIDHECKGYROGAINRIGHT</String>
		<String>PIDHECKGYROGAINSTART</String>
		<String>RCINDYNAMICLIMITHECK</String>
		<String>RCINDYNAMICLIMITNICK</String>
		<String>RCINDYNAMICLIMITROLL</String>
		<String>SPISENSORDEADBAND(0)</String>
		<String>PIDHECKGYROGAINLEFT</String>
		<String>PIDHECKGYROGAINSTOP</String>
		<String>PIDHECKIDECAYTIME</String>
		<String>PIDHECKSPDEADTIME</String>
		<String>PIDNICKIDECAYMODE</String>
		<String>PIDNICKIDECAYTIME</String>
		<String>PIDNICKSPDEADTIME</String>
		<String>PIDROLLIDECAYMODE</String>
		<String>PIDROLLIDECAYTIME</String>
		<String>PIDROLLSPDEADTIME</String>
		<String>PROG_VERSION_HIGH</String>
		<String>PIDPIROOPTENABLE</String>
		<String>PROG_VERSION_LOW</String>
		<String>PIDNICKGYROGAIN</String>
		<String>PIDROLLGYROGAIN</String>
		<String>RCINDEADBAND(0)</String>
		<String>PIDHECKDFACTOR</String>
		<String>PIDHECKIFACTOR</String>
		<String>PIDHECKPFACTOR</String>
		<String>PIDNICKDFACTOR</String>
		<String>PIDNICKIFACTOR</String>
		<String>PIDNICKPFACTOR</String>
		<String>PIDROLLDFACTOR</String>
		<String>PIDROLLIFACTOR</String>
		<String>PIDROLLPFACTOR</String>
		<String>PIDHECKIRANGE</String>
		<String>PIDHECKOFFSET</String>
		<String>PIDHECKRCGAIN</String>
		<String>PIDHECKSPGAIN</String>
		<String>PIDNICKIRANGE</String>
		<String>PIDNICKRCGAIN</String>
		<String>PIDNICKSPGAIN</String>
		<String>PIDROLLIRANGE</String>
		<String>PIDROLLRCGAIN</String>
		<String>PIDROLLSPGAIN</String>
		<String>PIDHECKDTIME</String>
		<String>PIDNICKDTIME</String>
		<String>PIDROLLDTIME</String>
	</GlobalStrings>
</TrID>