<TrID ver="2.00">
	<Info>
		<FileType>3D XML files (zipped)</FileType>
		<Ext>3DXML</Ext>
		<ExtraInfo>
			<Rem></Rem>
			<RefURL>http://www.3ds.com/products-solutions/3d-for-all/</RefURL>
		</ExtraInfo>
		<User>Marco Pontello</User>
		<E-Mail>marcopon@gmail.com</E-Mail>
		<Home>http://mark0.net</Home>
	</Info>
	<General>
		<FileNum>3</FileNum>
		<CheckStrings>True</CheckStrings>
		<Date>
			<Year>2008</Year>
			<Month>10</Month>
			<Day>12</Day>
		</Date>
		<Time>
			<Hour>15</Hour>
			<Min>59</Min>
			<Sec>39</Sec>
		</Time>
		<Creator>TrIDScan32 v1.56</Creator>
	</General>
	<FrontBlock>
		<Pattern>
			<Bytes>504B0304</Bytes>
			<ASCII> P K</ASCII>
			<Pos>0</Pos>
		</Pattern>
	</FrontBlock>
	<GlobalStrings>
		<String>MANIFEST.XMLP</String>
		<String>.3DXMLP</String>
	</GlobalStrings>
</TrID>
