<TrID ver="2.00">
	<Info>
		<FileType>Hasselblad 3F RAW image</FileType>
		<Ext>3FR</Ext>
		<Mime>application/octet-stream</Mime>
		<ExtraInfo>
			<Rem></Rem>
			<RefURL>http://fileformats.archiveteam.org/wiki/Hasselblad_3FR</RefURL>
		</ExtraInfo>
		<User>Marco Pontello</User>
		<E-Mail>marcopon@gmail.com</E-Mail>
		<Home>http://mark0.net</Home>
	</Info>
	<General>
		<FileNum>6</FileNum>
		<CheckStrings>True</CheckStrings>
		<Date>
			<Year>2016</Year>
			<Month>2</Month>
			<Day>22</Day>
		</Date>
		<Time>
			<Hour>13</Hour>
			<Min>11</Min>
			<Sec>45</Sec>
		</Time>
		<Creator>TrIDScan/Py v2.02</Creator>
	</General>
	<FrontBlock>
		<Pattern>
			<Bytes>49492A00</Bytes>
			<ASCII> I I *</ASCII>
			<Pos>0</Pos>
		</Pattern>
	</FrontBlock>
	<GlobalStrings>
		<String>XMPMETA XMLNS</String>
		<String>HASSELBLAD</String>
		<String>ADOBE</String>
	</GlobalStrings>
</TrID>