<TrID ver="2.00">
	<Info>
		<FileType>3D Manufacturing Format model</FileType>
		<Ext>3MF</Ext>
		<Mime>application/vnd.ms-package.3dmanufacturing-3dmodel+xml</Mime>
		<ExtraInfo>
			<Rem></Rem>
			<RefURL>http://fileformats.archiveteam.org/wiki/3MF</RefURL>
		</ExtraInfo>
		<User>Marco Pontello</User>
		<E-Mail>marcopon@gmail.com</E-Mail>
		<Home>http://mark0.net</Home>
	</Info>
	<General>
		<FileNum>39</FileNum>
		<Refine>24 by Marco Pontello</Refine>
		<CheckStrings>True</CheckStrings>
		<Date>
			<Year>2016</Year>
			<Month>11</Month>
			<Day>5</Day>
		</Date>
		<Time>
			<Hour>13</Hour>
			<Min>37</Min>
			<Sec>42</Sec>
		</Time>
		<Creator>TrIDScan/Py v2.02</Creator>
	</General>
	<FrontBlock>
		<Pattern>
			<Bytes>504B0304</Bytes>
			<ASCII> P K</ASCII>
			<Pos>0</Pos>
		</Pattern>
	</FrontBlock>
	<GlobalStrings>
		<String>3DMODEL.MODEL</String>
		<String>CONTENT_TYPES</String>
		<String>.RELS</String>
		<String>_RELS</String>
		<String>.XML</String>
	</GlobalStrings>
</TrID>