<TrID ver="2.00">
	<Info>
		<FileType>3D Text Commander Project</FileType>
		<Ext>3PJ</Ext>
		<Mime>text/plain</Mime>
		<ExtraInfo>
			<Rem></Rem>
			<RefURL>https://www.insofta.com/3d-text-commander/</RefURL>
		</ExtraInfo>
		<User>Marco Pontello</User>
		<E-Mail>marcopon@gmail.com</E-Mail>
		<Home>http://mark0.net</Home>
	</Info>
	<General>
		<FileNum>3</FileNum>
		<CheckStrings>True</CheckStrings>
		<Date>
			<Year>2015</Year>
			<Month>10</Month>
			<Day>13</Day>
		</Date>
		<Time>
			<Hour>16</Hour>
			<Min>50</Min>
			<Sec>14</Sec>
		</Time>
		<Creator>TrIDScan/Py v2.01</Creator>
	</General>
	<FrontBlock>
		<Pattern>
			<Bytes>5B496D6167655D0D0A46696C65206E616D653D</Bytes>
			<ASCII> [ I m a g e ] . . F i l e   n a m e =</ASCII>
			<Pos>0</Pos>
		</Pattern>
	</FrontBlock>
	<GlobalStrings>
		<String>TRANSPARENT BACKGROUND</String>
		<String>BACKGROUND COLOR</String>
		<String>LIGHT 1 DISTANCE</String>
		<String>MODEL ROTATION X</String>
		<String>MODEL ROTATION Y</String>
		<String>MODEL ROTATION Z</String>
		<String>KEEP PROPORTION</String>
		<String>LIGHT 1 ANGLE 1</String>
		<String>LIGHT 1 ANGLE 2</String>
		<String>LIGHT 1 ENABLED</String>
		<String>GLOBAL LIGHT</String>
		<String>OBJECT COLOR</String>
		<String>CUSTOM SIZE</String>
		<String>FONT ITALIC</String>
		<String>FRONT IMAGE</String>
		<String>PERSPECTIVE</String>
		<String>POSITION X</String>
		<String>POSITION Y</String>
		<String>POSITION Z</String>
		<String>REFLECTION</String>
		<String>ROTATION X</String>
		<String>ROTATION Y</String>
		<String>ROTATION Z</String>
		<String>DIRECTION</String>
		<String>FILE NAME</String>
		<String>FONT BOLD</String>
		<String>FONT NAME</String>
		<String>INTENSITY</String>
		<String>MARGIN X1</String>
		<String>MARGIN X2</String>
		<String>MARGIN Y1</String>
		<String>MARGIN Y2</String>
		<String>ENABLED</String>
		<String>OPACITY</String>
		<String>PROJECT</String>
		<String>SCALE X</String>
		<String>SCALE Y</String>
		<String>SCALE Z</String>
		<String>Y SPACE</String>
		<String>DESIGN</String>
		<String>FORMAT</String>
		<String>HEIGHT</String>
		<String>LENGTH</String>
		<String>SHADOW</String>
		<String>ZOOM X</String>
		<String>ZOOM Y</String>
		<String>ZOOM Z</String>
		<String>ALIGN</String>
		<String>IMAGE</String>
		<String>LIGHT</String>
		<String>MODEL</String>
		<String>WIDTH</String>
		<String>BLUR</String>
		<String>TEXT</String>
		<String>TYPE</String>
		<String>ZOOM</String>
	</GlobalStrings>
</TrID>