<TrID ver="2.00">
	<Info>
		<FileType>3by5 source</FileType>
		<Ext>3X5</Ext>
		<Mime>application/octet-stream</Mime>
		<ExtraInfo>
			<Rem>Old information management DOS software by Softshell Corp.</Rem>
			<RefURL></RefURL>
		</ExtraInfo>
		<User>Marco Pontello</User>
		<E-Mail>marcopon@gmail.com</E-Mail>
		<Home>http://mark0.net</Home>
	</Info>
	<General>
		<FileNum>2</FileNum>
		<Date>
			<Year>2016</Year>
			<Month>10</Month>
			<Day>18</Day>
		</Date>
		<Time>
			<Hour>23</Hour>
			<Min>13</Min>
			<Sec>52</Sec>
		</Time>
		<Creator>TrIDScan/Py v2.02</Creator>
	</General>
	<FrontBlock>
		<Pattern>
			<Bytes>3362793520536F757263652056</Bytes>
			<ASCII> 3 b y 5   S o u r c e   V</ASCII>
			<Pos>0</Pos>
		</Pattern>
	</FrontBlock>
</TrID>