<TrID ver="2.00">
	<Info>
		<FileType>4th Dimension database</FileType>
		<Ext>4DB</Ext>
		<ExtraInfo>
			<Rem></Rem>
			<RefURL>http://www.4d.com/</RefURL>
		</ExtraInfo>
		<User>Marco Pontello</User>
		<E-Mail>marcopon@gmail.com</E-Mail>
		<Home>http://mark0.net</Home>
	</Info>
	<General>
		<FileNum>2</FileNum>
		<Date>
			<Year>2005</Year>
			<Month>10</Month>
			<Day>06</Day>
		</Date>
		<Time>
			<Hour>01</Hour>
			<Min>55</Min>
			<Sec>47</Sec>
		</Time>
		<Creator>TrIDScan32 v1.56</Creator>
	</General>
	<FrontBlock>
		<Pattern>
			<Bytes>44445556</Bytes>
			<ASCII> D D U V</ASCII>
			<Pos>0</Pos>
		</Pattern>
	</FrontBlock>
</TrID>
