<TrID ver="2.00">
	<Info>
		<FileType>Hoxs64 state snapshot</FileType>
		<Ext>64S</Ext>
		<Mime>application/octet-stream</Mime>
		<ExtraInfo>
			<Rem>Commodore 64 emulator by David Horrocks.</Rem>
			<RefURL>http://www.hoxs64.net/</RefURL>
		</ExtraInfo>
		<User>Marco Pontello</User>
		<E-Mail>marcopon@gmail.com</E-Mail>
		<Home>http://mark0.net</Home>
	</Info>
	<General>
		<FileNum>4</FileNum>
		<Date>
			<Year>2017</Year>
			<Month>1</Month>
			<Day>19</Day>
		</Date>
		<Time>
			<Hour>19</Hour>
			<Min>17</Min>
			<Sec>30</Sec>
		</Time>
		<Creator>TrIDScan/Py v2.02</Creator>
	</General>
	<FrontBlock>
		<Pattern>
			<Bytes>434F4D4D4F444F524520363420535441544520534E415053484F54</Bytes>
			<ASCII> C O M M O D O R E   6 4   S T A T E   S N A P S H O T</ASCII>
			<Pos>0</Pos>
		</Pattern>
		<Pattern>
			<Bytes>486F78733634</Bytes>
			<ASCII> H o x s 6 4</ASCII>
			<Pos>36</Pos>
		</Pattern>
	</FrontBlock>
</TrID>