<TrID ver="2.00">
	<Info>
		<FileType>Unis 669 module</FileType>
		<Ext>669</Ext>
		<Mime>audio/x-mod</Mime>
		<ExtraInfo>
			<Rem>Extended version of Composer 669.</Rem>
			<RefURL>http://fileformats.archiveteam.org/wiki/Composer_669_module</RefURL>
		</ExtraInfo>
		<User>Marco Pontello</User>
		<E-Mail>marcopon@gmail.com</E-Mail>
		<Home>http://mark0.net</Home>
	</Info>
	<General>
		<FileNum>4</FileNum>
		<Refine>2 by Marco Pontello</Refine>
		<Date>
			<Year>2015</Year>
			<Month>4</Month>
			<Day>4</Day>
		</Date>
		<Time>
			<Hour>18</Hour>
			<Min>48</Min>
			<Sec>26</Sec>
		</Time>
		<Creator>TrIDScan/Py v2.01</Creator>
	</General>
	<FrontBlock>
		<Pattern>
			<Bytes>4A4E</Bytes>
			<ASCII> J N</ASCII>
			<Pos>0</Pos>
		</Pattern>
	</FrontBlock>
</TrID>