<TrID ver="2.00">
	<Info>
		<FileType>Photoshop filter plug-in</FileType>
		<Ext>8BF</Ext>
		<ExtraInfo>
			<Rem></Rem>
			<RefURL>http://en.wikipedia.org/wiki/Adobe_Photoshop</RefURL>
		</ExtraInfo>
		<User>Marco Pontello</User>
		<E-Mail>marcopon@gmail.com</E-Mail>
		<Home>http://mark0.net</Home>
	</Info>
	<General>
		<FileNum>271</FileNum>
		<CheckStrings>True</CheckStrings>
		<Date>
			<Year>2012</Year>
			<Month>9</Month>
			<Day>16</Day>
		</Date>
		<Time>
			<Hour>23</Hour>
			<Min>43</Min>
			<Sec>19</Sec>
		</Time>
		<Creator>TrIDScan/Py v1.80</Creator>
	</General>
	<FrontBlock>
		<Pattern>
			<Bytes>4D5A</Bytes>
			<ASCII> M Z</ASCII>
			<Pos>0</Pos>
		</Pattern>
		<Pattern>
			<Bytes>00</Bytes>
			<Pos>3</Pos>
		</Pattern>
		<Pattern>
			<Bytes>00000004000000FFFF0000B80000000000000040</Bytes>
			<ASCII> . . . . . . . . . . . . . . . . . . . @</ASCII>
			<Pos>5</Pos>
		</Pattern>
		<Pattern>
			<Bytes>00000E1FBA0E00B409CD21B8014CCD21</Bytes>
			<ASCII> . . . . . . . . . . ! . . L . !</ASCII>
			<Pos>62</Pos>
		</Pattern>
		<Pattern>
			<Bytes>68697320</Bytes>
			<ASCII> h i s</ASCII>
			<Pos>79</Pos>
		</Pattern>
		<Pattern>
			<Bytes>20</Bytes>
			<Pos>111</Pos>
		</Pattern>
		<Pattern>
			<Bytes>000000000000</Bytes>
			<Pos>122</Pos>
		</Pattern>
	</FrontBlock>
	<GlobalStrings>
		<String>DIALOGBOXPARAMA</String>
		<String>GETCLIENTRECT</String>
		<String>V'E'R'S'I'O'N</String>
		<String>DELETEOBJECT</String>
		<String>KERNEL32.DLL</String>
		<String>F'I'L'T'E'R</String>
		<String>ENTRYPOINT</String>
		<String>GETDLGITEM</String>
		<String>USER32.DLL</String>
		<String>ENDDIALOG</String>
		<String>GDI32.DLL</String>
		<String>GETWINDOW</String>
		<String>SETWINDOW</String>
		<String>MFB8MIB8</String>
		<String>MIB868XW</String>
		<String>MIB8DNIK</String>
		<String>MIB8EDOM</String>
		<String>MIB8EMAN</String>
		<String>MIB8GTAC</String>
		<String>MIB8ICIF</String>
		<String>MIB8SREV</String>
		<String>PROGRAM</String>
		<String>VERSION</String>
		<String>.RELOC</String>
		<String>CANNOT</String>
		<String>CREATE</String>
		<String>HANDLE</String>
		<String>NOT BE</String>
		<String>STRING</String>
		<String>.RSRC</String>
		<String>COLOR</String>
		<String>TEXTA</String>
		<String>DATA</String>
		<String>DRES</String>
		<String>ENTT</String>
		<String>ESOL</String>
		<String>GETS</String>
		<String>LOAD</String>
		<String>MODE</String>
		<String>PROC</String>
		<String>READ</String>
		<String>RESS</String>
		<String>SEND</String>
		<String>SETD</String>
	</GlobalStrings>
</TrID>